[
  {
    "id": "2483893273",
    "type": "ForkEvent",
    "actor": {
      "id": 432536,
      "login": "jspahrsummers",
      "gravatar_id": "",
      "url": "https://api.github.com/users/jspahrsummers",
      "avatar_url": "https://avatars.githubusercontent.com/u/432536?"
    },
    "repo": {
      "id": 24349480,
      "name": "thoughtbot/Argo",
      "url": "https://api.github.com/repos/thoughtbot/Argo"
    },
    "payload": {
      "forkee": {
        "id": 28517537,
        "name": "Argo",
        "full_name": "jspahrsummers/Argo",
        "owner": {
          "login": "jspahrsummers",
          "id": 432536,
          "avatar_url": "https://avatars.githubusercontent.com/u/432536?v=3",
          "gravatar_id": "",
          "url": "https://api.github.com/users/jspahrsummers",
          "html_url": "https://github.com/jspahrsummers",
          "followers_url": "https://api.github.com/users/jspahrsummers/followers",
          "following_url": "https://api.github.com/users/jspahrsummers/following{/other_user}",
          "gists_url": "https://api.github.com/users/jspahrsummers/gists{/gist_id}",
          "starred_url": "https://api.github.com/users/jspahrsummers/starred{/owner}{/repo}",
          "subscriptions_url": "https://api.github.com/users/jspahrsummers/subscriptions",
          "organizations_url": "https://api.github.com/users/jspahrsummers/orgs",
          "repos_url": "https://api.github.com/users/jspahrsummers/repos",
          "events_url": "https://api.github.com/users/jspahrsummers/events{/privacy}",
          "received_events_url": "https://api.github.com/users/jspahrsummers/received_events",
          "type": "User",
          "site_admin": true
        },
        "private": false,
        "html_url": "https://github.com/jspahrsummers/Argo",
        "description": "JSON parsing library for Swift, inspired by Aeson, a JSON parsing library for Haskell.",
        "fork": true,
        "url": "https://api.github.com/repos/jspahrsummers/Argo",
        "forks_url": "https://api.github.com/repos/jspahrsummers/Argo/forks",
        "keys_url": "https://api.github.com/repos/jspahrsummers/Argo/keys{/key_id}",
        "collaborators_url": "https://api.github.com/repos/jspahrsummers/Argo/collaborators{/collaborator}",
        "teams_url": "https://api.github.com/repos/jspahrsummers/Argo/teams",
        "hooks_url": "https://api.github.com/repos/jspahrsummers/Argo/hooks",
        "issue_events_url": "https://api.github.com/repos/jspahrsummers/Argo/issues/events{/number}",
        "events_url": "https://api.github.com/repos/jspahrsummers/Argo/events",
        "assignees_url": "https://api.github.com/repos/jspahrsummers/Argo/assignees{/user}",
        "branches_url": "https://api.github.com/repos/jspahrsummers/Argo/branches{/branch}",
        "tags_url": "https://api.github.com/repos/jspahrsummers/Argo/tags",
        "blobs_url": "https://api.github.com/repos/jspahrsummers/Argo/git/blobs{/sha}",
        "git_tags_url": "https://api.github.com/repos/jspahrsummers/Argo/git/tags{/sha}",
        "git_refs_url": "https://api.github.com/repos/jspahrsummers/Argo/git/refs{/sha}",
        "trees_url": "https://api.github.com/repos/jspahrsummers/Argo/git/trees{/sha}",
        "statuses_url": "https://api.github.com/repos/jspahrsummers/Argo/statuses/{sha}",
        "languages_url": "https://api.github.com/repos/jspahrsummers/Argo/languages",
        "stargazers_url": "https://api.github.com/repos/jspahrsummers/Argo/stargazers",
        "contributors_url": "https://api.github.com/repos/jspahrsummers/Argo/contributors",
        "subscribers_url": "https://api.github.com/repos/jspahrsummers/Argo/subscribers",
        "subscription_url": "https://api.github.com/repos/jspahrsummers/Argo/subscription",
        "commits_url": "https://api.github.com/repos/jspahrsummers/Argo/commits{/sha}",
        "git_commits_url": "https://api.github.com/repos/jspahrsummers/Argo/git/commits{/sha}",
        "comments_url": "https://api.github.com/repos/jspahrsummers/Argo/comments{/number}",
        "issue_comment_url": "https://api.github.com/repos/jspahrsummers/Argo/issues/comments/{number}",
        "contents_url": "https://api.github.com/repos/jspahrsummers/Argo/contents/{+path}",
        "compare_url": "https://api.github.com/repos/jspahrsummers/Argo/compare/{base}...{head}",
        "merges_url": "https://api.github.com/repos/jspahrsummers/Argo/merges",
        "archive_url": "https://api.github.com/repos/jspahrsummers/Argo/{archive_format}{/ref}",
        "downloads_url": "https://api.github.com/repos/jspahrsummers/Argo/downloads",
        "issues_url": "https://api.github.com/repos/jspahrsummers/Argo/issues{/number}",
        "pulls_url": "https://api.github.com/repos/jspahrsummers/Argo/pulls{/number}",
        "milestones_url": "https://api.github.com/repos/jspahrsummers/Argo/milestones{/number}",
        "notifications_url": "https://api.github.com/repos/jspahrsummers/Argo/notifications{?since,all,participating}",
        "labels_url": "https://api.github.com/repos/jspahrsummers/Argo/labels{/name}",
        "releases_url": "https://api.github.com/repos/jspahrsummers/Argo/releases{/id}",
        "created_at": "2014-12-26T18:03:22Z",
        "updated_at": "2014-12-26T12:00:03Z",
        "pushed_at": "2014-12-26T01:14:12Z",
        "git_url": "git://github.com/jspahrsummers/Argo.git",
        "ssh_url": "git@github.com:jspahrsummers/Argo.git",
        "clone_url": "https://github.com/jspahrsummers/Argo.git",
        "svn_url": "https://github.com/jspahrsummers/Argo",
        "homepage": null,
        "size": 284,
        "stargazers_count": 0,
        "watchers_count": 0,
        "language": null,
        "has_issues": false,
        "has_downloads": true,
        "has_wiki": false,
        "has_pages": false,
        "forks_count": 0,
        "mirror_url": null,
        "open_issues_count": 0,
        "forks": 0,
        "open_issues": 0,
        "watchers": 0,
        "default_branch": "master",
        "public": true
      }
    },
    "public": true,
    "created_at": "2014-12-26T18:03:22Z",
    "org": {
      "id": 6183,
      "login": "thoughtbot",
      "gravatar_id": "",
      "url": "https://api.github.com/orgs/thoughtbot",
      "avatar_url": "https://avatars.githubusercontent.com/u/6183?"
    }
  },
  {
    "id": "2472813496",
    "type": "MemberEvent",
    "actor": {
      "id": 1949235,
      "login": "niftyn8",
      "gravatar_id": "",
      "url": "https://api.github.com/users/niftyn8",
      "avatar_url": "https://avatars.githubusercontent.com/u/1949235?"
    },
    "repo": {
      "id": 26382182,
      "name": "niftyn8/degenerate",
      "url": "https://api.github.com/repos/niftyn8/degenerate"
    },
    "payload": {
      "member": {
        "login": "houndci",
        "id": 6697940,
        "avatar_url": "https://avatars.githubusercontent.com/u/6697940?v=3",
        "gravatar_id": "",
        "url": "https://api.github.com/users/houndci",
        "html_url": "https://github.com/houndci",
        "followers_url": "https://api.github.com/users/houndci/followers",
        "following_url": "https://api.github.com/users/houndci/following{/other_user}",
        "gists_url": "https://api.github.com/users/houndci/gists{/gist_id}",
        "starred_url": "https://api.github.com/users/houndci/starred{/owner}{/repo}",
        "subscriptions_url": "https://api.github.com/users/houndci/subscriptions",
        "organizations_url": "https://api.github.com/users/houndci/orgs",
        "repos_url": "https://api.github.com/users/houndci/repos",
        "events_url": "https://api.github.com/users/houndci/events{/privacy}",
        "received_events_url": "https://api.github.com/users/houndci/received_events",
        "type": "User",
        "site_admin": false
      },
      "action": "added"
    },
    "public": true,
    "created_at": "2014-12-18T14:14:53Z"
  },
  {
    "id": "2485152382",
    "type": "PublicEvent",
    "actor": {
      "id": 1012826,
      "login": "ethanjdiamond",
      "gravatar_id": "",
      "url": "https://api.github.com/users/ethanjdiamond",
      "avatar_url": "https://avatars.githubusercontent.com/u/1012826?"
    },
    "repo": {
      "id": 10045970,
      "name": "ethanjdiamond/AmIIn",
      "url": "https://api.github.com/repos/ethanjdiamond/AmIIn"
    },
    "payload": {

    },
    "public": true,
    "created_at": "2014-12-28T19:40:52Z"
  },
  {
    "id": "2484426974",
    "type": "WatchEvent",
    "actor": {
      "id": 85322,
      "login": "mattmassicotte",
      "gravatar_id": "",
      "url": "https://api.github.com/users/mattmassicotte",
      "avatar_url": "https://avatars.githubusercontent.com/u/85322?"
    },
    "repo": {
      "id": 26840153,
      "name": "squiidz/bone",
      "url": "https://api.github.com/repos/squiidz/bone"
    },
    "payload": {
      "action": "started"
    },
    "public": true,
    "created_at": "2014-12-27T14:45:32Z"
  },
  {
    "type": "PullRequestReviewCommentEvent",
    "repo": {
      "id": 3606624,
      "name": "github/ReactiveCocoa",
      "url": "https://api.github.com/repos/github/ReactiveCocoa"
    },
    "actor": {
      "avatar_url": "https://secure.gravatar.com/avatar/cac992bb300ed4f3ed5c2a6049e552f9?d=https://a248.e.akamai.net/assets.github.com%2Fimages%2Fgravatars%2Fgravatar-user-420.png",
      "id": 432536,
      "login": "jspahrsummers",
      "url": "https://api.github.com/users/jspahrsummers",
      "gravatar_id": "cac992bb300ed4f3ed5c2a6049e552f9"
    },
    "org": {
      "avatar_url": "https://secure.gravatar.com/avatar/61024896f291303615bcd4f7a0dcfb74?d=https://a248.e.akamai.net/assets.github.com%2Fimages%2Fgravatars%2Fgravatar-org-420.png",
      "id": 9919,
      "login": "github",
      "url": "https://api.github.com/orgs/github",
      "gravatar_id": "61024896f291303615bcd4f7a0dcfb74"
    },
    "created_at": "2012-10-02T22:18:46Z",
    "public": true,
    "payload": {
      "comment": {
        "original_position": 14,
        "created_at": "2012-10-02T22:18:46Z",
        "body": "This could use a couple more tests:\r\n\r\n * \"Weird\" argument types for subscribables, like class objects, C strings, etc.\r\n * Non-subscribable arguments.\r\n * A subscribable that sends a value upon subscription.",
        "url": "https://api.github.com/repos/github/ReactiveCocoa/pulls/comments/1744734",
        "original_commit_id": "7e731834f7fa981166cbb509a353dbe02eb5d1ea",
        "id": 1744734,
        "position": 14,
        "user": {
          "url": "https://api.github.com/users/jspahrsummers",
          "avatar_url": "https://secure.gravatar.com/avatar/cac992bb300ed4f3ed5c2a6049e552f9?d=https://a248.e.akamai.net/assets.github.com%2Fimages%2Fgravatars%2Fgravatar-user-420.png",
          "login": "jspahrsummers",
          "id": 432536,
          "gravatar_id": "cac992bb300ed4f3ed5c2a6049e552f9"
        },
        "updated_at": "2012-10-02T22:18:46Z",
        "commit_id": "7e731834f7fa981166cbb509a353dbe02eb5d1ea",
        "path": "ReactiveCocoaFramework/ReactiveCocoaTests/NSObjectRACPerformSelectorSpec.m",
        "_links": {
          "self": {
            "href": "https://api.github.com/repos/github/ReactiveCocoa/pulls/comments/1744734"
          },
          "html": {
            "href": "https://github.com/github/ReactiveCocoa/pull/71#discussion_r1744734"
          },
          "pull_request": {
            "href": "https://api.github.com/repos/github/ReactiveCocoa/pulls/71"
          }
        }
      }
    },
    "id": "1605868324"
  },
  {
    "type": "PullRequestReviewCommentEvent",
    "repo": {
      "id": 3606624,
      "name": "github/ReactiveCocoa",
      "url": "https://api.github.com/repos/github/ReactiveCocoa"
    },
    "actor": {
      "avatar_url": "https://secure.gravatar.com/avatar/cac992bb300ed4f3ed5c2a6049e552f9?d=https://a248.e.akamai.net/assets.github.com%2Fimages%2Fgravatars%2Fgravatar-user-420.png",
      "id": 432536,
      "login": "jspahrsummers",
      "url": "https://api.github.com/users/jspahrsummers",
      "gravatar_id": "cac992bb300ed4f3ed5c2a6049e552f9"
    },
    "org": {
      "avatar_url": "https://secure.gravatar.com/avatar/61024896f291303615bcd4f7a0dcfb74?d=https://a248.e.akamai.net/assets.github.com%2Fimages%2Fgravatars%2Fgravatar-org-420.png",
      "id": 9919,
      "login": "github",
      "url": "https://api.github.com/orgs/github",
      "gravatar_id": "61024896f291303615bcd4f7a0dcfb74"
    },
    "created_at": "2012-10-02T22:11:10Z",
    "public": true,
    "payload": {
      "comment": {
        "original_position": 21,
        "body": "This method doesn't need to require `nil` termination. We have the method signature for the selector in question, so we know exactly how many arguments should be passed in here.",
        "created_at": "2012-10-02T22:11:10Z",
        "url": "https://api.github.com/repos/github/ReactiveCocoa/pulls/comments/1744674",
        "original_commit_id": "7e731834f7fa981166cbb509a353dbe02eb5d1ea",
        "id": 1744674,
        "position": 21,
        "commit_id": "7e731834f7fa981166cbb509a353dbe02eb5d1ea",
        "user": {
          "url": "https://api.github.com/users/jspahrsummers",
          "avatar_url": "https://secure.gravatar.com/avatar/cac992bb300ed4f3ed5c2a6049e552f9?d=https://a248.e.akamai.net/assets.github.com%2Fimages%2Fgravatars%2Fgravatar-user-420.png",
          "id": 432536,
          "login": "jspahrsummers",
          "gravatar_id": "cac992bb300ed4f3ed5c2a6049e552f9"
        },
        "updated_at": "2012-10-02T22:11:10Z",
        "path": "ReactiveCocoaFramework/ReactiveCocoa/NSObject+RACPerformSelector.h",
        "_links": {
          "self": {
            "href": "https://api.github.com/repos/github/ReactiveCocoa/pulls/comments/1744674"
          },
          "html": {
            "href": "https://github.com/github/ReactiveCocoa/pull/71#discussion_r1744674"
          },
          "pull_request": {
            "href": "https://api.github.com/repos/github/ReactiveCocoa/pulls/71"
          }
        }
      }
    },
    "id": "1605864767"
  },
  {
    "type": "PullRequestReviewCommentEvent",
    "repo": {
      "id": 3606624,
      "name": "github/ReactiveCocoa",
      "url": "https://api.github.com/repos/github/ReactiveCocoa"
    },
    "actor": {
      "avatar_url": "https://secure.gravatar.com/avatar/cac992bb300ed4f3ed5c2a6049e552f9?d=https://a248.e.akamai.net/assets.github.com%2Fimages%2Fgravatars%2Fgravatar-user-420.png",
      "id": 432536,
      "login": "jspahrsummers",
      "url": "https://api.github.com/users/jspahrsummers",
      "gravatar_id": "cac992bb300ed4f3ed5c2a6049e552f9"
    },
    "org": {
      "avatar_url": "https://secure.gravatar.com/avatar/61024896f291303615bcd4f7a0dcfb74?d=https://a248.e.akamai.net/assets.github.com%2Fimages%2Fgravatars%2Fgravatar-org-420.png",
      "id": 9919,
      "login": "github",
      "url": "https://api.github.com/orgs/github",
      "gravatar_id": "61024896f291303615bcd4f7a0dcfb74"
    },
    "created_at": "2012-10-02T22:03:46Z",
    "public": true,
    "payload": {
      "comment": {
        "original_position": 96,
        "body": "We should support pointer `^…` arguments if possible. It'd just be unwrapping a pointer from `NSValue`.",
        "created_at": "2012-10-02T22:03:46Z",
        "url": "https://api.github.com/repos/github/ReactiveCocoa/pulls/comments/1744610",
        "original_commit_id": "7e731834f7fa981166cbb509a353dbe02eb5d1ea",
        "id": 1744610,
        "position": 96,
        "commit_id": "7e731834f7fa981166cbb509a353dbe02eb5d1ea",
        "user": {
          "url": "https://api.github.com/users/jspahrsummers",
          "avatar_url": "https://secure.gravatar.com/avatar/cac992bb300ed4f3ed5c2a6049e552f9?d=https://a248.e.akamai.net/assets.github.com%2Fimages%2Fgravatars%2Fgravatar-user-420.png",
          "id": 432536,
          "login": "jspahrsummers",
          "gravatar_id": "cac992bb300ed4f3ed5c2a6049e552f9"
        },
        "updated_at": "2012-10-02T22:03:46Z",
        "path": "ReactiveCocoaFramework/ReactiveCocoa/NSObject+RACPerformSelector.m",
        "_links": {
          "self": {
            "href": "https://api.github.com/repos/github/ReactiveCocoa/pulls/comments/1744610"
          },
          "html": {
            "href": "https://github.com/github/ReactiveCocoa/pull/71#discussion_r1744610"
          },
          "pull_request": {
            "href": "https://api.github.com/repos/github/ReactiveCocoa/pulls/71"
          }
        }
      }
    },
    "id": "1605861395"
  },
  {
    "type": "IssueCommentEvent",
    "repo": {
      "id": 3518148,
      "name": "github/twui",
      "url": "https://api.github.com/repos/github/twui"
    },
    "actor": {
      "avatar_url": "https://secure.gravatar.com/avatar/7fd5213ef68f6de2f6153a2c07b44b7e?d=https://a248.e.akamai.net/assets.github.com%2Fimages%2Fgravatars%2Fgravatar-user-420.png",
      "login": "galaxas0",
      "id": 1361003,
      "url": "https://api.github.com/users/galaxas0",
      "gravatar_id": "7fd5213ef68f6de2f6153a2c07b44b7e"
    },
    "org": {
      "avatar_url": "https://secure.gravatar.com/avatar/61024896f291303615bcd4f7a0dcfb74?d=https://a248.e.akamai.net/assets.github.com%2Fimages%2Fgravatars%2Fgravatar-org-420.png",
      "login": "github",
      "id": 9919,
      "url": "https://api.github.com/orgs/github",
      "gravatar_id": "61024896f291303615bcd4f7a0dcfb74"
    },
    "created_at": "2012-10-02T22:03:30Z",
    "public": true,
    "payload": {
      "issue": {
        "body": "`tui_makeFirstResponder:` should not check `acceptsFirstResponder`. This matches the behavior of `-[NSWindow makeFirstResponder:]`.\r\n\r\nThis reverts commit c636424772341201126bc8bea6f70f4f67b36962.\r\n\r\nCC @galaxas0",
        "created_at": "2012-10-02T20:44:53Z",
        "closed_at": "2012-10-02T20:46:16Z",
        "url": "https://api.github.com/repos/github/twui/issues/100",
        "title": "Revert \"Take acceptsFirstResponder into account.\"",
        "milestone": null,
        "id": 7305081,
        "comments": 3,
        "labels": [

        ],
        "state": "closed",
        "user": {
          "url": "https://api.github.com/users/jspahrsummers",
          "avatar_url": "https://secure.gravatar.com/avatar/cac992bb300ed4f3ed5c2a6049e552f9?d=https://a248.e.akamai.net/assets.github.com%2Fimages%2Fgravatars%2Fgravatar-user-420.png",
          "id": 432536,
          "login": "jspahrsummers",
          "gravatar_id": "cac992bb300ed4f3ed5c2a6049e552f9"
        },
        "updated_at": "2012-10-02T22:03:29Z",
        "number": 100,
        "html_url": "https://github.com/github/twui/issues/100",
        "assignee": null,
        "pull_request": {
          "patch_url": "https://github.com/github/twui/pull/100.patch",
          "diff_url": "https://github.com/github/twui/pull/100.diff",
          "html_url": "https://github.com/github/twui/pull/100"
        }
      },
      "action": "created",
      "comment": {
        "body": "Thanks for the pointer!",
        "created_at": "2012-10-02T22:03:29Z",
        "url": "https://api.github.com/repos/github/twui/issues/comments/9088858",
        "id": 9088858,
        "user": {
          "url": "https://api.github.com/users/galaxas0",
          "avatar_url": "https://secure.gravatar.com/avatar/7fd5213ef68f6de2f6153a2c07b44b7e?d=https://a248.e.akamai.net/assets.github.com%2Fimages%2Fgravatars%2Fgravatar-user-420.png",
          "id": 1361003,
          "login": "galaxas0",
          "gravatar_id": "7fd5213ef68f6de2f6153a2c07b44b7e"
        },
        "updated_at": "2012-10-02T22:03:29Z"
      }
    },
    "id": "1605861266"
  },
  {
    "type": "CommitCommentEvent",
    "repo": {
      "id": 3518148,
      "name": "github/twui",
      "url": "https://api.github.com/repos/github/twui"
    },
    "actor": {
      "avatar_url": "https://secure.gravatar.com/avatar/7fd5213ef68f6de2f6153a2c07b44b7e?d=https://a248.e.akamai.net/assets.github.com%2Fimages%2Fgravatars%2Fgravatar-user-420.png",
      "id": 1361003,
      "login": "galaxas0",
      "url": "https://api.github.com/users/galaxas0",
      "gravatar_id": "7fd5213ef68f6de2f6153a2c07b44b7e"
    },
    "org": {
      "avatar_url": "https://secure.gravatar.com/avatar/61024896f291303615bcd4f7a0dcfb74?d=https://a248.e.akamai.net/assets.github.com%2Fimages%2Fgravatars%2Fgravatar-org-420.png",
      "id": 9919,
      "login": "github",
      "url": "https://api.github.com/orgs/github",
      "gravatar_id": "61024896f291303615bcd4f7a0dcfb74"
    },
    "created_at": "2012-10-02T22:03:12Z",
    "public": true,
    "payload": {
      "comment": {
        "body": "Alright, I'll remember that then, thanks!",
        "created_at": "2012-10-02T22:03:12Z",
        "url": "https://api.github.com/repos/github/twui/comments/1936971",
        "line": null,
        "id": 1936971,
        "position": null,
        "commit_id": "d1c4c35626219b63019940b1f59de6d15df404b0",
        "user": {
          "url": "https://api.github.com/users/galaxas0",
          "avatar_url": "https://secure.gravatar.com/avatar/7fd5213ef68f6de2f6153a2c07b44b7e?d=https://a248.e.akamai.net/assets.github.com%2Fimages%2Fgravatars%2Fgravatar-user-420.png",
          "id": 1361003,
          "login": "galaxas0",
          "gravatar_id": "7fd5213ef68f6de2f6153a2c07b44b7e"
        },
        "updated_at": "2012-10-02T22:03:12Z",
        "path": null,
        "html_url": "https://github.com/github/twui/commit/d1c4c35626219b63019940b1f59de6d15df404b0#commitcomment-1936971"
      }
    },
    "id": "1605861091"
  },
  {
    "type": "IssueCommentEvent",
    "repo": {
      "id": 3518148,
      "name": "github/twui",
      "url": "https://api.github.com/repos/github/twui"
    },
    "actor": {
      "avatar_url": "https://secure.gravatar.com/avatar/cac992bb300ed4f3ed5c2a6049e552f9?d=https://a248.e.akamai.net/assets.github.com%2Fimages%2Fgravatars%2Fgravatar-user-420.png",
      "id": 432536,
      "login": "jspahrsummers",
      "url": "https://api.github.com/users/jspahrsummers",
      "gravatar_id": "cac992bb300ed4f3ed5c2a6049e552f9"
    },
    "org": {
      "avatar_url": "https://secure.gravatar.com/avatar/61024896f291303615bcd4f7a0dcfb74?d=https://a248.e.akamai.net/assets.github.com%2Fimages%2Fgravatars%2Fgravatar-org-420.png",
      "id": 9919,
      "login": "github",
      "url": "https://api.github.com/orgs/github",
      "gravatar_id": "61024896f291303615bcd4f7a0dcfb74"
    },
    "created_at": "2012-10-02T22:02:27Z",
    "public": true,
    "payload": {
      "issue": {
        "body": "`tui_makeFirstResponder:` should not check `acceptsFirstResponder`. This matches the behavior of `-[NSWindow makeFirstResponder:]`.\r\n\r\nThis reverts commit c636424772341201126bc8bea6f70f4f67b36962.\r\n\r\nCC @galaxas0",
        "created_at": "2012-10-02T20:44:53Z",
        "closed_at": "2012-10-02T20:46:16Z",
        "url": "https://api.github.com/repos/github/twui/issues/100",
        "title": "Revert \"Take acceptsFirstResponder into account.\"",
        "state": "closed",
        "milestone": null,
        "id": 7305081,
        "labels": [

        ],
        "comments": 2,
        "number": 100,
        "user": {
          "url": "https://api.github.com/users/jspahrsummers",
          "avatar_url": "https://secure.gravatar.com/avatar/cac992bb300ed4f3ed5c2a6049e552f9?d=https://a248.e.akamai.net/assets.github.com%2Fimages%2Fgravatars%2Fgravatar-user-420.png",
          "id": 432536,
          "login": "jspahrsummers",
          "gravatar_id": "cac992bb300ed4f3ed5c2a6049e552f9"
        },
        "updated_at": "2012-10-02T22:02:26Z",
        "html_url": "https://github.com/github/twui/issues/100",
        "assignee": null,
        "pull_request": {
          "patch_url": "https://github.com/github/twui/pull/100.patch",
          "diff_url": "https://github.com/github/twui/pull/100.diff",
          "html_url": "https://github.com/github/twui/pull/100"
        }
      },
      "action": "created",
      "comment": {
        "body": "Read the documentation for the `NSWindow` method.",
        "created_at": "2012-10-02T22:02:26Z",
        "url": "https://api.github.com/repos/github/twui/issues/comments/9088823",
        "id": 9088823,
        "user": {
          "url": "https://api.github.com/users/jspahrsummers",
          "avatar_url": "https://secure.gravatar.com/avatar/cac992bb300ed4f3ed5c2a6049e552f9?d=https://a248.e.akamai.net/assets.github.com%2Fimages%2Fgravatars%2Fgravatar-user-420.png",
          "id": 432536,
          "login": "jspahrsummers",
          "gravatar_id": "cac992bb300ed4f3ed5c2a6049e552f9"
        },
        "updated_at": "2012-10-02T22:02:26Z"
      }
    },
    "id": "1605860702"
  },
  {
    "type": "CommitCommentEvent",
    "repo": {
      "id": 3518148,
      "name": "github/twui",
      "url": "https://api.github.com/repos/github/twui"
    },
    "actor": {
      "avatar_url": "https://secure.gravatar.com/avatar/cac992bb300ed4f3ed5c2a6049e552f9?d=https://a248.e.akamai.net/assets.github.com%2Fimages%2Fgravatars%2Fgravatar-user-420.png",
      "id": 432536,
      "login": "jspahrsummers",
      "url": "https://api.github.com/users/jspahrsummers",
      "gravatar_id": "cac992bb300ed4f3ed5c2a6049e552f9"
    },
    "org": {
      "avatar_url": "https://secure.gravatar.com/avatar/61024896f291303615bcd4f7a0dcfb74?d=https://a248.e.akamai.net/assets.github.com%2Fimages%2Fgravatars%2Fgravatar-org-420.png",
      "id": 9919,
      "login": "github",
      "url": "https://api.github.com/orgs/github",
      "gravatar_id": "61024896f291303615bcd4f7a0dcfb74"
    },
    "created_at": "2012-10-02T22:02:10Z",
    "public": true,
    "payload": {
      "comment": {
        "body": "It only allows it if there's a property declaration for `vertical`. You can't call arbitrary `is` methods with dot syntax.",
        "created_at": "2012-10-02T22:02:10Z",
        "url": "https://api.github.com/repos/github/twui/comments/1936963",
        "line": null,
        "id": 1936963,
        "position": null,
        "commit_id": "d1c4c35626219b63019940b1f59de6d15df404b0",
        "user": {
          "url": "https://api.github.com/users/jspahrsummers",
          "avatar_url": "https://secure.gravatar.com/avatar/cac992bb300ed4f3ed5c2a6049e552f9?d=https://a248.e.akamai.net/assets.github.com%2Fimages%2Fgravatars%2Fgravatar-user-420.png",
          "id": 432536,
          "login": "jspahrsummers",
          "gravatar_id": "cac992bb300ed4f3ed5c2a6049e552f9"
        },
        "updated_at": "2012-10-02T22:02:10Z",
        "path": null,
        "html_url": "https://github.com/github/twui/commit/d1c4c35626219b63019940b1f59de6d15df404b0#commitcomment-1936963"
      }
    },
    "id": "1605860583"
  },
  {
    "type": "WatchEvent",
    "repo": {
      "id": 2880907,
      "name": "jspahrsummers/SafeDispatch",
      "url": "https://api.github.com/repos/jspahrsummers/SafeDispatch"
    },
    "actor": {
      "avatar_url": "https://secure.gravatar.com/avatar/bf9fd1cc5cb114fbd22b8fc0094fecc0?d=https://a248.e.akamai.net/assets.github.com%2Fimages%2Fgravatars%2Fgravatar-user-420.png",
      "id": 747910,
      "login": "nvln",
      "url": "https://api.github.com/users/nvln",
      "gravatar_id": "bf9fd1cc5cb114fbd22b8fc0094fecc0"
    },
    "created_at": "2012-10-02T22:01:57Z",
    "public": true,
    "payload": {
      "action": "started"
    },
    "id": "1605860474"
  },
  {
    "type": "IssueCommentEvent",
    "repo": {
      "id": 3518148,
      "name": "github/twui",
      "url": "https://api.github.com/repos/github/twui"
    },
    "actor": {
      "avatar_url": "https://secure.gravatar.com/avatar/7fd5213ef68f6de2f6153a2c07b44b7e?d=https://a248.e.akamai.net/assets.github.com%2Fimages%2Fgravatars%2Fgravatar-user-420.png",
      "id": 1361003,
      "login": "galaxas0",
      "url": "https://api.github.com/users/galaxas0",
      "gravatar_id": "7fd5213ef68f6de2f6153a2c07b44b7e"
    },
    "org": {
      "avatar_url": "https://secure.gravatar.com/avatar/61024896f291303615bcd4f7a0dcfb74?d=https://a248.e.akamai.net/assets.github.com%2Fimages%2Fgravatars%2Fgravatar-org-420.png",
      "id": 9919,
      "login": "github",
      "url": "https://api.github.com/orgs/github",
      "gravatar_id": "61024896f291303615bcd4f7a0dcfb74"
    },
    "created_at": "2012-10-02T22:00:57Z",
    "public": true,
    "payload": {
      "issue": {
        "body": "The use of `Gestalt()` was introduced in commit 2fe383482357f to see if we're running on Lion or above. As of 10.8, this function is deprecated.\r\n\r\n`sysctl(3)` should be used instead, perhaps.",
        "created_at": "2012-10-02T21:56:43Z",
        "closed_at": null,
        "url": "https://api.github.com/repos/github/twui/issues/101",
        "title": "The function \"Gestalt()\" is deprecated on 10.8",
        "milestone": null,
        "id": 7307168,
        "comments": 1,
        "labels": [

        ],
        "state": "open",
        "user": {
          "url": "https://api.github.com/users/jwilling",
          "avatar_url": "https://secure.gravatar.com/avatar/45513a79bbcf50348ce795822e902265?d=https://a248.e.akamai.net/assets.github.com%2Fimages%2Fgravatars%2Fgravatar-user-420.png",
          "id": 867483,
          "login": "jwilling",
          "gravatar_id": "45513a79bbcf50348ce795822e902265"
        },
        "updated_at": "2012-10-02T22:00:55Z",
        "number": 101,
        "html_url": "https://github.com/github/twui/issues/101",
        "assignee": null,
        "pull_request": {
          "patch_url": null,
          "diff_url": null,
          "html_url": null
        }
      },
      "action": "created",
      "comment": {
        "body": "`sysctl(3)` is a LOT harder than Gestalt() to check for, but sure. I'll patch that in.",
        "created_at": "2012-10-02T22:00:55Z",
        "url": "https://api.github.com/repos/github/twui/issues/comments/9088773",
        "id": 9088773,
        "user": {
          "url": "https://api.github.com/users/galaxas0",
          "avatar_url": "https://secure.gravatar.com/avatar/7fd5213ef68f6de2f6153a2c07b44b7e?d=https://a248.e.akamai.net/assets.github.com%2Fimages%2Fgravatars%2Fgravatar-user-420.png",
          "id": 1361003,
          "login": "galaxas0",
          "gravatar_id": "7fd5213ef68f6de2f6153a2c07b44b7e"
        },
        "updated_at": "2012-10-02T22:00:55Z"
      }
    },
    "id": "1605859945"
  },
  {
    "type": "PullRequestReviewCommentEvent",
    "repo": {
      "id": 3606624,
      "name": "github/ReactiveCocoa",
      "url": "https://api.github.com/repos/github/ReactiveCocoa"
    },
    "actor": {
      "avatar_url": "https://secure.gravatar.com/avatar/cac992bb300ed4f3ed5c2a6049e552f9?d=https://a248.e.akamai.net/assets.github.com%2Fimages%2Fgravatars%2Fgravatar-user-420.png",
      "id": 432536,
      "login": "jspahrsummers",
      "url": "https://api.github.com/users/jspahrsummers",
      "gravatar_id": "cac992bb300ed4f3ed5c2a6049e552f9"
    },
    "org": {
      "avatar_url": "https://secure.gravatar.com/avatar/61024896f291303615bcd4f7a0dcfb74?d=https://a248.e.akamai.net/assets.github.com%2Fimages%2Fgravatars%2Fgravatar-org-420.png",
      "id": 9919,
      "login": "github",
      "url": "https://api.github.com/orgs/github",
      "gravatar_id": "61024896f291303615bcd4f7a0dcfb74"
    },
    "created_at": "2012-10-02T22:00:52Z",
    "public": true,
    "payload": {
      "comment": {
        "original_position": 15,
        "body": "It should be documented that structure and union types are unsupported.",
        "created_at": "2012-10-02T22:00:52Z",
        "url": "https://api.github.com/repos/github/ReactiveCocoa/pulls/comments/1744579",
        "original_commit_id": "7e731834f7fa981166cbb509a353dbe02eb5d1ea",
        "id": 1744579,
        "position": 15,
        "commit_id": "7e731834f7fa981166cbb509a353dbe02eb5d1ea",
        "user": {
          "url": "https://api.github.com/users/jspahrsummers",
          "avatar_url": "https://secure.gravatar.com/avatar/cac992bb300ed4f3ed5c2a6049e552f9?d=https://a248.e.akamai.net/assets.github.com%2Fimages%2Fgravatars%2Fgravatar-user-420.png",
          "id": 432536,
          "login": "jspahrsummers",
          "gravatar_id": "cac992bb300ed4f3ed5c2a6049e552f9"
        },
        "updated_at": "2012-10-02T22:00:52Z",
        "path": "ReactiveCocoaFramework/ReactiveCocoa/NSObject+RACPerformSelector.h",
        "_links": {
          "self": {
            "href": "https://api.github.com/repos/github/ReactiveCocoa/pulls/comments/1744579"
          },
          "html": {
            "href": "https://github.com/github/ReactiveCocoa/pull/71#discussion_r1744579"
          },
          "pull_request": {
            "href": "https://api.github.com/repos/github/ReactiveCocoa/pulls/71"
          }
        }
      }
    },
    "id": "1605859894"
  },
  {
    "type": "PullRequestReviewCommentEvent",
    "repo": {
      "id": 3606624,
      "name": "github/ReactiveCocoa",
      "url": "https://api.github.com/repos/github/ReactiveCocoa"
    },
    "actor": {
      "avatar_url": "https://secure.gravatar.com/avatar/cac992bb300ed4f3ed5c2a6049e552f9?d=https://a248.e.akamai.net/assets.github.com%2Fimages%2Fgravatars%2Fgravatar-user-420.png",
      "id": 432536,
      "login": "jspahrsummers",
      "url": "https://api.github.com/users/jspahrsummers",
      "gravatar_id": "cac992bb300ed4f3ed5c2a6049e552f9"
    },
    "org": {
      "avatar_url": "https://secure.gravatar.com/avatar/61024896f291303615bcd4f7a0dcfb74?d=https://a248.e.akamai.net/assets.github.com%2Fimages%2Fgravatars%2Fgravatar-org-420.png",
      "id": 9919,
      "login": "github",
      "url": "https://api.github.com/orgs/github",
      "gravatar_id": "61024896f291303615bcd4f7a0dcfb74"
    },
    "created_at": "2012-10-02T22:00:25Z",
    "public": true,
    "payload": {
      "comment": {
        "original_position": 34,
        "body": "There's still a bit of an issue here. If a subscription yields an object, we'll have filled in the non-subscribable arguments, but not necessarily the other subscribables, right?",
        "created_at": "2012-10-02T22:00:25Z",
        "url": "https://api.github.com/repos/github/ReactiveCocoa/pulls/comments/1744574",
        "original_commit_id": "7e731834f7fa981166cbb509a353dbe02eb5d1ea",
        "id": 1744574,
        "position": 34,
        "commit_id": "7e731834f7fa981166cbb509a353dbe02eb5d1ea",
        "user": {
          "url": "https://api.github.com/users/jspahrsummers",
          "avatar_url": "https://secure.gravatar.com/avatar/cac992bb300ed4f3ed5c2a6049e552f9?d=https://a248.e.akamai.net/assets.github.com%2Fimages%2Fgravatars%2Fgravatar-user-420.png",
          "id": 432536,
          "login": "jspahrsummers",
          "gravatar_id": "cac992bb300ed4f3ed5c2a6049e552f9"
        },
        "updated_at": "2012-10-02T22:00:25Z",
        "path": "ReactiveCocoaFramework/ReactiveCocoa/NSObject+RACPerformSelector.m",
        "_links": {
          "self": {
            "href": "https://api.github.com/repos/github/ReactiveCocoa/pulls/comments/1744574"
          },
          "html": {
            "href": "https://github.com/github/ReactiveCocoa/pull/71#discussion_r1744574"
          },
          "pull_request": {
            "href": "https://api.github.com/repos/github/ReactiveCocoa/pulls/71"
          }
        }
      }
    },
    "id": "1605859672"
  },
  {
    "type": "PullRequestReviewCommentEvent",
    "repo": {
      "id": 3606624,
      "name": "github/ReactiveCocoa",
      "url": "https://api.github.com/repos/github/ReactiveCocoa"
    },
    "actor": {
      "avatar_url": "https://secure.gravatar.com/avatar/cac992bb300ed4f3ed5c2a6049e552f9?d=https://a248.e.akamai.net/assets.github.com%2Fimages%2Fgravatars%2Fgravatar-user-420.png",
      "login": "jspahrsummers",
      "id": 432536,
      "url": "https://api.github.com/users/jspahrsummers",
      "gravatar_id": "cac992bb300ed4f3ed5c2a6049e552f9"
    },
    "org": {
      "avatar_url": "https://secure.gravatar.com/avatar/61024896f291303615bcd4f7a0dcfb74?d=https://a248.e.akamai.net/assets.github.com%2Fimages%2Fgravatars%2Fgravatar-org-420.png",
      "login": "github",
      "id": 9919,
      "url": "https://api.github.com/orgs/github",
      "gravatar_id": "61024896f291303615bcd4f7a0dcfb74"
    },
    "created_at": "2012-10-02T21:59:08Z",
    "public": true,
    "payload": {
      "comment": {
        "original_position": 25,
        "body": "Why not just make this an `NSInteger`, and avoid the casts below?",
        "created_at": "2012-10-02T21:59:08Z",
        "url": "https://api.github.com/repos/github/ReactiveCocoa/pulls/comments/1744567",
        "original_commit_id": "7e731834f7fa981166cbb509a353dbe02eb5d1ea",
        "position": 25,
        "id": 1744567,
        "commit_id": "7e731834f7fa981166cbb509a353dbe02eb5d1ea",
        "user": {
          "url": "https://api.github.com/users/jspahrsummers",
          "avatar_url": "https://secure.gravatar.com/avatar/cac992bb300ed4f3ed5c2a6049e552f9?d=https://a248.e.akamai.net/assets.github.com%2Fimages%2Fgravatars%2Fgravatar-user-420.png",
          "id": 432536,
          "login": "jspahrsummers",
          "gravatar_id": "cac992bb300ed4f3ed5c2a6049e552f9"
        },
        "updated_at": "2012-10-02T21:59:08Z",
        "path": "ReactiveCocoaFramework/ReactiveCocoa/NSObject+RACPerformSelector.m",
        "_links": {
          "self": {
            "href": "https://api.github.com/repos/github/ReactiveCocoa/pulls/comments/1744567"
          },
          "pull_request": {
            "href": "https://api.github.com/repos/github/ReactiveCocoa/pulls/71"
          },
          "html": {
            "href": "https://github.com/github/ReactiveCocoa/pull/71#discussion_r1744567"
          }
        }
      }
    },
    "id": "1605859034"
  },
  {
    "type": "PullRequestReviewCommentEvent",
    "repo": {
      "id": 3606624,
      "name": "github/ReactiveCocoa",
      "url": "https://api.github.com/repos/github/ReactiveCocoa"
    },
    "actor": {
      "avatar_url": "https://secure.gravatar.com/avatar/cac992bb300ed4f3ed5c2a6049e552f9?d=https://a248.e.akamai.net/assets.github.com%2Fimages%2Fgravatars%2Fgravatar-user-420.png",
      "id": 432536,
      "login": "jspahrsummers",
      "url": "https://api.github.com/users/jspahrsummers",
      "gravatar_id": "cac992bb300ed4f3ed5c2a6049e552f9"
    },
    "org": {
      "avatar_url": "https://secure.gravatar.com/avatar/61024896f291303615bcd4f7a0dcfb74?d=https://a248.e.akamai.net/assets.github.com%2Fimages%2Fgravatars%2Fgravatar-org-420.png",
      "id": 9919,
      "login": "github",
      "url": "https://api.github.com/orgs/github",
      "gravatar_id": "61024896f291303615bcd4f7a0dcfb74"
    },
    "created_at": "2012-10-02T21:58:22Z",
    "public": true,
    "payload": {
      "comment": {
        "original_position": 35,
        "created_at": "2012-10-02T21:58:22Z",
        "body": "This block needs to be copied.",
        "url": "https://api.github.com/repos/github/ReactiveCocoa/pulls/comments/1744551",
        "original_commit_id": "7e731834f7fa981166cbb509a353dbe02eb5d1ea",
        "id": 1744551,
        "position": 35,
        "user": {
          "url": "https://api.github.com/users/jspahrsummers",
          "avatar_url": "https://secure.gravatar.com/avatar/cac992bb300ed4f3ed5c2a6049e552f9?d=https://a248.e.akamai.net/assets.github.com%2Fimages%2Fgravatars%2Fgravatar-user-420.png",
          "login": "jspahrsummers",
          "id": 432536,
          "gravatar_id": "cac992bb300ed4f3ed5c2a6049e552f9"
        },
        "updated_at": "2012-10-02T21:58:22Z",
        "commit_id": "7e731834f7fa981166cbb509a353dbe02eb5d1ea",
        "path": "ReactiveCocoaFramework/ReactiveCocoa/NSObject+RACPerformSelector.m",
        "_links": {
          "self": {
            "href": "https://api.github.com/repos/github/ReactiveCocoa/pulls/comments/1744551"
          },
          "pull_request": {
            "href": "https://api.github.com/repos/github/ReactiveCocoa/pulls/71"
          },
          "html": {
            "href": "https://github.com/github/ReactiveCocoa/pull/71#discussion_r1744551"
          }
        }
      }
    },
    "id": "1605858702"
  },
  {
    "type": "IssuesEvent",
    "repo": {
      "id": 3518148,
      "name": "github/twui",
      "url": "https://api.github.com/repos/github/twui"
    },
    "actor": {
      "avatar_url": "https://secure.gravatar.com/avatar/45513a79bbcf50348ce795822e902265?d=https://a248.e.akamai.net/assets.github.com%2Fimages%2Fgravatars%2Fgravatar-user-420.png",
      "id": 867483,
      "login": "jwilling",
      "url": "https://api.github.com/users/jwilling",
      "gravatar_id": "45513a79bbcf50348ce795822e902265"
    },
    "org": {
      "avatar_url": "https://secure.gravatar.com/avatar/61024896f291303615bcd4f7a0dcfb74?d=https://a248.e.akamai.net/assets.github.com%2Fimages%2Fgravatars%2Fgravatar-org-420.png",
      "id": 9919,
      "login": "github",
      "url": "https://api.github.com/orgs/github",
      "gravatar_id": "61024896f291303615bcd4f7a0dcfb74"
    },
    "created_at": "2012-10-02T21:56:44Z",
    "public": true,
    "payload": {
      "issue": {
        "created_at": "2012-10-02T21:56:43Z",
        "closed_at": null,
        "body": "The use of `Gestalt()` was introduced in commit 2fe383482357f to see if we're running on Lion or above. As of 10.8, this function is deprecated.\r\n\r\n`sysctl(3)` should be used instead, perhaps.",
        "url": "https://api.github.com/repos/github/twui/issues/101",
        "title": "The function \"Gestalt()\" is deprecated on 10.8",
        "labels": [

        ],
        "id": 7307168,
        "milestone": null,
        "comments": 0,
        "state": "open",
        "user": {
          "url": "https://api.github.com/users/jwilling",
          "avatar_url": "https://secure.gravatar.com/avatar/45513a79bbcf50348ce795822e902265?d=https://a248.e.akamai.net/assets.github.com%2Fimages%2Fgravatars%2Fgravatar-user-420.png",
          "login": "jwilling",
          "id": 867483,
          "gravatar_id": "45513a79bbcf50348ce795822e902265"
        },
        "updated_at": "2012-10-02T21:56:43Z",
        "number": 101,
        "html_url": "https://github.com/github/twui/issues/101",
        "assignee": null,
        "pull_request": {
          "patch_url": null,
          "diff_url": null,
          "html_url": null
        }
      },
      "action": "opened"
    },
    "id": "1605857918"
  },
  {
    "type": "PullRequestReviewCommentEvent",
    "repo": {
      "id": 3606624,
      "name": "github/ReactiveCocoa",
      "url": "https://api.github.com/repos/github/ReactiveCocoa"
    },
    "actor": {
      "avatar_url": "https://secure.gravatar.com/avatar/cac992bb300ed4f3ed5c2a6049e552f9?d=https://a248.e.akamai.net/assets.github.com%2Fimages%2Fgravatars%2Fgravatar-user-420.png",
      "login": "jspahrsummers",
      "id": 432536,
      "url": "https://api.github.com/users/jspahrsummers",
      "gravatar_id": "cac992bb300ed4f3ed5c2a6049e552f9"
    },
    "org": {
      "avatar_url": "https://secure.gravatar.com/avatar/61024896f291303615bcd4f7a0dcfb74?d=https://a248.e.akamai.net/assets.github.com%2Fimages%2Fgravatars%2Fgravatar-org-420.png",
      "login": "github",
      "id": 9919,
      "url": "https://api.github.com/orgs/github",
      "gravatar_id": "61024896f291303615bcd4f7a0dcfb74"
    },
    "created_at": "2012-10-02T21:56:06Z",
    "public": true,
    "payload": {
      "comment": {
        "original_position": 16,
        "created_at": "2012-10-02T21:56:06Z",
        "body": "`NSAssert2` is super old and not needed anymore. `NSAssert` should work fine.",
        "url": "https://api.github.com/repos/github/ReactiveCocoa/pulls/comments/1744528",
        "original_commit_id": "7e731834f7fa981166cbb509a353dbe02eb5d1ea",
        "id": 1744528,
        "position": 16,
        "user": {
          "url": "https://api.github.com/users/jspahrsummers",
          "avatar_url": "https://secure.gravatar.com/avatar/cac992bb300ed4f3ed5c2a6049e552f9?d=https://a248.e.akamai.net/assets.github.com%2Fimages%2Fgravatars%2Fgravatar-user-420.png",
          "login": "jspahrsummers",
          "id": 432536,
          "gravatar_id": "cac992bb300ed4f3ed5c2a6049e552f9"
        },
        "updated_at": "2012-10-02T21:56:06Z",
        "commit_id": "7e731834f7fa981166cbb509a353dbe02eb5d1ea",
        "path": "ReactiveCocoaFramework/ReactiveCocoa/NSObject+RACPerformSelector.m",
        "_links": {
          "self": {
            "href": "https://api.github.com/repos/github/ReactiveCocoa/pulls/comments/1744528"
          },
          "pull_request": {
            "href": "https://api.github.com/repos/github/ReactiveCocoa/pulls/71"
          },
          "html": {
            "href": "https://github.com/github/ReactiveCocoa/pull/71#discussion_r1744528"
          }
        }
      }
    },
    "id": "1605857584"
  },
  {
    "type": "PullRequestReviewCommentEvent",
    "repo": {
      "id": 3606624,
      "name": "github/ReactiveCocoa",
      "url": "https://api.github.com/repos/github/ReactiveCocoa"
    },
    "actor": {
      "avatar_url": "https://secure.gravatar.com/avatar/cac992bb300ed4f3ed5c2a6049e552f9?d=https://a248.e.akamai.net/assets.github.com%2Fimages%2Fgravatars%2Fgravatar-user-420.png",
      "login": "jspahrsummers",
      "id": 432536,
      "url": "https://api.github.com/users/jspahrsummers",
      "gravatar_id": "cac992bb300ed4f3ed5c2a6049e552f9"
    },
    "org": {
      "avatar_url": "https://secure.gravatar.com/avatar/61024896f291303615bcd4f7a0dcfb74?d=https://a248.e.akamai.net/assets.github.com%2Fimages%2Fgravatars%2Fgravatar-org-420.png",
      "login": "github",
      "id": 9919,
      "url": "https://api.github.com/orgs/github",
      "gravatar_id": "61024896f291303615bcd4f7a0dcfb74"
    },
    "created_at": "2012-10-02T21:55:00Z",
    "public": true,
    "payload": {
      "comment": {
        "original_position": 21,
        "body": "What about something like `rac_bindSelector:toObjects:`, `rac_subscribeSelector:`, etc.? I don't like how this seems like a simple extension to `-[NSObject performSelector:withObject:]`.",
        "created_at": "2012-10-02T21:55:00Z",
        "url": "https://api.github.com/repos/github/ReactiveCocoa/pulls/comments/1744513",
        "original_commit_id": "7e731834f7fa981166cbb509a353dbe02eb5d1ea",
        "id": 1744513,
        "position": 21,
        "commit_id": "7e731834f7fa981166cbb509a353dbe02eb5d1ea",
        "user": {
          "url": "https://api.github.com/users/jspahrsummers",
          "avatar_url": "https://secure.gravatar.com/avatar/cac992bb300ed4f3ed5c2a6049e552f9?d=https://a248.e.akamai.net/assets.github.com%2Fimages%2Fgravatars%2Fgravatar-user-420.png",
          "id": 432536,
          "login": "jspahrsummers",
          "gravatar_id": "cac992bb300ed4f3ed5c2a6049e552f9"
        },
        "updated_at": "2012-10-02T21:55:00Z",
        "path": "ReactiveCocoaFramework/ReactiveCocoa/NSObject+RACPerformSelector.h",
        "_links": {
          "self": {
            "href": "https://api.github.com/repos/github/ReactiveCocoa/pulls/comments/1744513"
          },
          "pull_request": {
            "href": "https://api.github.com/repos/github/ReactiveCocoa/pulls/71"
          },
          "html": {
            "href": "https://github.com/github/ReactiveCocoa/pull/71#discussion_r1744513"
          }
        }
      }
    },
    "id": "1605857050"
  },
  {
    "type": "IssueCommentEvent",
    "repo": {
      "id": 3518148,
      "name": "github/twui",
      "url": "https://api.github.com/repos/github/twui"
    },
    "actor": {
      "avatar_url": "https://secure.gravatar.com/avatar/7fd5213ef68f6de2f6153a2c07b44b7e?d=https://a248.e.akamai.net/assets.github.com%2Fimages%2Fgravatars%2Fgravatar-user-420.png",
      "id": 1361003,
      "login": "galaxas0",
      "url": "https://api.github.com/users/galaxas0",
      "gravatar_id": "7fd5213ef68f6de2f6153a2c07b44b7e"
    },
    "org": {
      "avatar_url": "https://secure.gravatar.com/avatar/61024896f291303615bcd4f7a0dcfb74?d=https://a248.e.akamai.net/assets.github.com%2Fimages%2Fgravatars%2Fgravatar-org-420.png",
      "id": 9919,
      "login": "github",
      "url": "https://api.github.com/orgs/github",
      "gravatar_id": "61024896f291303615bcd4f7a0dcfb74"
    },
    "created_at": "2012-10-02T21:54:15Z",
    "public": true,
    "payload": {
      "issue": {
        "body": "`tui_makeFirstResponder:` should not check `acceptsFirstResponder`. This matches the behavior of `-[NSWindow makeFirstResponder:]`.\r\n\r\nThis reverts commit c636424772341201126bc8bea6f70f4f67b36962.\r\n\r\nCC @galaxas0",
        "closed_at": "2012-10-02T20:46:16Z",
        "created_at": "2012-10-02T20:44:53Z",
        "url": "https://api.github.com/repos/github/twui/issues/100",
        "title": "Revert \"Take acceptsFirstResponder into account.\"",
        "labels": [

        ],
        "milestone": null,
        "id": 7305081,
        "comments": 1,
        "state": "closed",
        "number": 100,
        "user": {
          "url": "https://api.github.com/users/jspahrsummers",
          "avatar_url": "https://secure.gravatar.com/avatar/cac992bb300ed4f3ed5c2a6049e552f9?d=https://a248.e.akamai.net/assets.github.com%2Fimages%2Fgravatars%2Fgravatar-user-420.png",
          "id": 432536,
          "login": "jspahrsummers",
          "gravatar_id": "cac992bb300ed4f3ed5c2a6049e552f9"
        },
        "updated_at": "2012-10-02T21:54:14Z",
        "html_url": "https://github.com/github/twui/issues/100",
        "assignee": null,
        "pull_request": {
          "patch_url": "https://github.com/github/twui/pull/100.patch",
          "diff_url": "https://github.com/github/twui/pull/100.diff",
          "html_url": "https://github.com/github/twui/pull/100"
        }
      },
      "action": "created",
      "comment": {
        "body": "Oh, I was unaware of that... then where _exactly_ is\n`acceptsFirstResponder` used?",
        "created_at": "2012-10-02T21:54:13Z",
        "url": "https://api.github.com/repos/github/twui/issues/comments/9088570",
        "id": 9088570,
        "user": {
          "url": "https://api.github.com/users/galaxas0",
          "avatar_url": "https://secure.gravatar.com/avatar/7fd5213ef68f6de2f6153a2c07b44b7e?d=https://a248.e.akamai.net/assets.github.com%2Fimages%2Fgravatars%2Fgravatar-user-420.png",
          "id": 1361003,
          "login": "galaxas0",
          "gravatar_id": "7fd5213ef68f6de2f6153a2c07b44b7e"
        },
        "updated_at": "2012-10-02T21:54:13Z"
      }
    },
    "id": "1605856671"
  },
  {
    "type": "CommitCommentEvent",
    "repo": {
      "id": 3518148,
      "name": "github/twui",
      "url": "https://api.github.com/repos/github/twui"
    },
    "actor": {
      "avatar_url": "https://secure.gravatar.com/avatar/7fd5213ef68f6de2f6153a2c07b44b7e?d=https://a248.e.akamai.net/assets.github.com%2Fimages%2Fgravatars%2Fgravatar-user-420.png",
      "login": "galaxas0",
      "id": 1361003,
      "url": "https://api.github.com/users/galaxas0",
      "gravatar_id": "7fd5213ef68f6de2f6153a2c07b44b7e"
    },
    "org": {
      "avatar_url": "https://secure.gravatar.com/avatar/61024896f291303615bcd4f7a0dcfb74?d=https://a248.e.akamai.net/assets.github.com%2Fimages%2Fgravatars%2Fgravatar-org-420.png",
      "login": "github",
      "id": 9919,
      "url": "https://api.github.com/orgs/github",
      "gravatar_id": "61024896f291303615bcd4f7a0dcfb74"
    },
    "created_at": "2012-10-02T21:53:23Z",
    "public": true,
    "payload": {
      "comment": {
        "body": ".... I'm only slightly stupid, I swear. I can get this fixed, but the new\nObjective-C runtime *technically* alllows `-isVertical` to be used as a\nproperty. It's bad syntax, as you said, but it works. :P",
        "created_at": "2012-10-02T21:53:23Z",
        "url": "https://api.github.com/repos/github/twui/comments/1936926",
        "line": null,
        "id": 1936926,
        "position": null,
        "commit_id": "d1c4c35626219b63019940b1f59de6d15df404b0",
        "user": {
          "url": "https://api.github.com/users/galaxas0",
          "avatar_url": "https://secure.gravatar.com/avatar/7fd5213ef68f6de2f6153a2c07b44b7e?d=https://a248.e.akamai.net/assets.github.com%2Fimages%2Fgravatars%2Fgravatar-user-420.png",
          "id": 1361003,
          "login": "galaxas0",
          "gravatar_id": "7fd5213ef68f6de2f6153a2c07b44b7e"
        },
        "updated_at": "2012-10-02T21:53:23Z",
        "path": null,
        "html_url": "https://github.com/github/twui/commit/d1c4c35626219b63019940b1f59de6d15df404b0#commitcomment-1936926"
      }
    },
    "id": "1605856232"
  },
  {
    "type": "PushEvent",
    "repo": {
      "id": 3606624,
      "name": "github/ReactiveCocoa",
      "url": "https://api.github.com/repos/github/ReactiveCocoa"
    },
    "actor": {
      "avatar_url": "https://secure.gravatar.com/avatar/62e8c8bfaa8d755cab82accb48d335c8?d=https://a248.e.akamai.net/assets.github.com%2Fimages%2Fgravatars%2Fgravatar-user-420.png",
      "login": "joshaber",
      "id": 13760,
      "url": "https://api.github.com/users/joshaber",
      "gravatar_id": "62e8c8bfaa8d755cab82accb48d335c8"
    },
    "org": {
      "avatar_url": "https://secure.gravatar.com/avatar/61024896f291303615bcd4f7a0dcfb74?d=https://a248.e.akamai.net/assets.github.com%2Fimages%2Fgravatars%2Fgravatar-org-420.png",
      "login": "github",
      "id": 9919,
      "url": "https://api.github.com/orgs/github",
      "gravatar_id": "61024896f291303615bcd4f7a0dcfb74"
    },
    "created_at": "2012-10-02T21:45:16Z",
    "public": true,
    "payload": {
      "before": "e5c104054fb6ccad6da6e2336d69116fa9856549",
      "ref": "refs/heads/perform-selector",
      "size": 1,
      "distinct_size": 1,
      "commits": [
        {
          "url": "https://api.github.com/repos/github/ReactiveCocoa/commits/7e731834f7fa981166cbb509a353dbe02eb5d1ea",
          "sha": "7e731834f7fa981166cbb509a353dbe02eb5d1ea",
          "author": {
            "email": "joshaber@gmail.com",
            "name": "joshaber"
          },
          "message": "classes are objects, right?",
          "distinct": true
        }
      ],
      "push_id": 108456345,
      "head": "7e731834f7fa981166cbb509a353dbe02eb5d1ea"
    },
    "id": "1605852033"
  },
  {
    "type": "PushEvent",
    "repo": {
      "id": 3606624,
      "name": "github/ReactiveCocoa",
      "url": "https://api.github.com/repos/github/ReactiveCocoa"
    },
    "actor": {
      "avatar_url": "https://secure.gravatar.com/avatar/62e8c8bfaa8d755cab82accb48d335c8?d=https://a248.e.akamai.net/assets.github.com%2Fimages%2Fgravatars%2Fgravatar-user-420.png",
      "login": "joshaber",
      "id": 13760,
      "url": "https://api.github.com/users/joshaber",
      "gravatar_id": "62e8c8bfaa8d755cab82accb48d335c8"
    },
    "org": {
      "avatar_url": "https://secure.gravatar.com/avatar/61024896f291303615bcd4f7a0dcfb74?d=https://a248.e.akamai.net/assets.github.com%2Fimages%2Fgravatars%2Fgravatar-org-420.png",
      "login": "github",
      "id": 9919,
      "url": "https://api.github.com/orgs/github",
      "gravatar_id": "61024896f291303615bcd4f7a0dcfb74"
    },
    "created_at": "2012-10-02T21:41:51Z",
    "public": true,
    "payload": {
      "before": "9d2431371619acf5837e5cfd7f5943cb05d12a5c",
      "ref": "refs/heads/perform-selector",
      "size": 1,
      "distinct_size": 1,
      "commits": [
        {
          "url": "https://api.github.com/repos/github/ReactiveCocoa/commits/e5c104054fb6ccad6da6e2336d69116fa9856549",
          "sha": "e5c104054fb6ccad6da6e2336d69116fa9856549",
          "author": {
            "email": "joshaber@gmail.com",
            "name": "joshaber"
          },
          "message": "spaces => tabs",
          "distinct": true
        }
      ],
      "head": "e5c104054fb6ccad6da6e2336d69116fa9856549",
      "push_id": 108455296
    },
    "id": "1605850195"
  },
  {
    "type": "PullRequestEvent",
    "repo": {
      "id": 3606624,
      "name": "github/ReactiveCocoa",
      "url": "https://api.github.com/repos/github/ReactiveCocoa"
    },
    "actor": {
      "avatar_url": "https://secure.gravatar.com/avatar/62e8c8bfaa8d755cab82accb48d335c8?d=https://a248.e.akamai.net/assets.github.com%2Fimages%2Fgravatars%2Fgravatar-user-420.png",
      "id": 13760,
      "login": "joshaber",
      "url": "https://api.github.com/users/joshaber",
      "gravatar_id": "62e8c8bfaa8d755cab82accb48d335c8"
    },
    "org": {
      "avatar_url": "https://secure.gravatar.com/avatar/61024896f291303615bcd4f7a0dcfb74?d=https://a248.e.akamai.net/assets.github.com%2Fimages%2Fgravatars%2Fgravatar-org-420.png",
      "id": 9919,
      "login": "github",
      "url": "https://api.github.com/orgs/github",
      "gravatar_id": "61024896f291303615bcd4f7a0dcfb74"
    },
    "created_at": "2012-10-02T21:40:51Z",
    "public": true,
    "payload": {
      "action": "opened",
      "number": 71,
      "pull_request": {
        "base": {
          "label": "github:master",
          "sha": "d8996a9f6e0dfd6a0d7cb44bc942192f7b925b49",
          "ref": "master",
          "user": {
            "url": "https://api.github.com/users/github",
            "avatar_url": "https://secure.gravatar.com/avatar/61024896f291303615bcd4f7a0dcfb74?d=https://a248.e.akamai.net/assets.github.com%2Fimages%2Fgravatars%2Fgravatar-org-420.png",
            "id": 9919,
            "login": "github",
            "gravatar_id": "61024896f291303615bcd4f7a0dcfb74"
          },
          "repo": {
            "mirror_url": null,
            "created_at": "2012-03-02T22:11:24Z",
            "open_issues": 6,
            "url": "https://api.github.com/repos/github/ReactiveCocoa",
            "open_issues_count": 6,
            "watchers_count": 683,
            "forks": 48,
            "homepage": "",
            "has_wiki": true,
            "id": 3606624,
            "forks_count": 48,
            "svn_url": "https://github.com/github/ReactiveCocoa",
            "size": 528,
            "full_name": "github/ReactiveCocoa",
            "pushed_at": "2012-10-02T21:40:18Z",
            "owner": {
              "url": "https://api.github.com/users/github",
              "avatar_url": "https://secure.gravatar.com/avatar/61024896f291303615bcd4f7a0dcfb74?d=https://a248.e.akamai.net/assets.github.com%2Fimages%2Fgravatars%2Fgravatar-org-420.png",
              "id": 9919,
              "login": "github",
              "gravatar_id": "61024896f291303615bcd4f7a0dcfb74"
            },
            "updated_at": "2012-10-02T21:40:18Z",
            "name": "ReactiveCocoa",
            "fork": false,
            "language": "Objective-C",
            "html_url": "https://github.com/github/ReactiveCocoa",
            "has_issues": true,
            "ssh_url": "git@github.com:github/ReactiveCocoa.git",
            "private": false,
            "clone_url": "https://github.com/github/ReactiveCocoa.git",
            "has_downloads": true,
            "description": "A framework for composing and transforming sequences of values.",
            "watchers": 683,
            "git_url": "git://github.com/github/ReactiveCocoa.git"
          }
        },
        "body": "This is similar to the proxy approach that I surfaced in #63 but it actually works with non-object arguments and doesn't require nasty casting. Really handy with UIKit.",
        "patch_url": "https://github.com/github/ReactiveCocoa/pull/71.patch",
        "merged_at": null,
        "created_at": "2012-10-02T21:40:50Z",
        "closed_at": null,
        "additions": 216,
        "url": "https://api.github.com/repos/github/ReactiveCocoa/pulls/71",
        "mergeable_state": "unknown",
        "title": "rac_performSelector:",
        "changed_files": 7,
        "merged": false,
        "milestone": null,
        "id": 2521611,
        "comments": 0,
        "state": "open",
        "commits": 3,
        "mergeable": null,
        "diff_url": "https://github.com/github/ReactiveCocoa/pull/71.diff",
        "number": 71,
        "user": {
          "url": "https://api.github.com/users/joshaber",
          "avatar_url": "https://secure.gravatar.com/avatar/62e8c8bfaa8d755cab82accb48d335c8?d=https://a248.e.akamai.net/assets.github.com%2Fimages%2Fgravatars%2Fgravatar-user-420.png",
          "id": 13760,
          "login": "joshaber",
          "gravatar_id": "62e8c8bfaa8d755cab82accb48d335c8"
        },
        "updated_at": "2012-10-02T21:40:50Z",
        "issue_url": "https://github.com/github/ReactiveCocoa/issues/71",
        "review_comments": 0,
        "html_url": "https://github.com/github/ReactiveCocoa/pull/71",
        "merged_by": null,
        "assignee": null,
        "_links": {
          "issue": {
            "href": "https://api.github.com/repos/github/ReactiveCocoa/issues/71"
          },
          "self": {
            "href": "https://api.github.com/repos/github/ReactiveCocoa/pulls/71"
          },
          "comments": {
            "href": "https://api.github.com/repos/github/ReactiveCocoa/issues/71/comments"
          },
          "review_comments": {
            "href": "https://api.github.com/repos/github/ReactiveCocoa/pulls/71/comments"
          },
          "html": {
            "href": "https://github.com/github/ReactiveCocoa/pull/71"
          }
        },
        "head": {
          "label": "github:perform-selector",
          "sha": "9d2431371619acf5837e5cfd7f5943cb05d12a5c",
          "ref": "perform-selector",
          "user": {
            "url": "https://api.github.com/users/github",
            "avatar_url": "https://secure.gravatar.com/avatar/61024896f291303615bcd4f7a0dcfb74?d=https://a248.e.akamai.net/assets.github.com%2Fimages%2Fgravatars%2Fgravatar-org-420.png",
            "id": 9919,
            "login": "github",
            "gravatar_id": "61024896f291303615bcd4f7a0dcfb74"
          },
          "repo": {
            "mirror_url": null,
            "created_at": "2012-03-02T22:11:24Z",
            "open_issues": 6,
            "url": "https://api.github.com/repos/github/ReactiveCocoa",
            "open_issues_count": 6,
            "watchers_count": 683,
            "forks": 48,
            "homepage": "",
            "has_wiki": true,
            "id": 3606624,
            "forks_count": 48,
            "svn_url": "https://github.com/github/ReactiveCocoa",
            "size": 528,
            "full_name": "github/ReactiveCocoa",
            "pushed_at": "2012-10-02T21:40:18Z",
            "owner": {
              "url": "https://api.github.com/users/github",
              "avatar_url": "https://secure.gravatar.com/avatar/61024896f291303615bcd4f7a0dcfb74?d=https://a248.e.akamai.net/assets.github.com%2Fimages%2Fgravatars%2Fgravatar-org-420.png",
              "id": 9919,
              "login": "github",
              "gravatar_id": "61024896f291303615bcd4f7a0dcfb74"
            },
            "updated_at": "2012-10-02T21:40:18Z",
            "name": "ReactiveCocoa",
            "fork": false,
            "language": "Objective-C",
            "html_url": "https://github.com/github/ReactiveCocoa",
            "has_issues": true,
            "ssh_url": "git@github.com:github/ReactiveCocoa.git",
            "private": false,
            "clone_url": "https://github.com/github/ReactiveCocoa.git",
            "has_downloads": true,
            "description": "A framework for composing and transforming sequences of values.",
            "watchers": 683,
            "git_url": "git://github.com/github/ReactiveCocoa.git"
          }
        },
        "deletions": 0
      }
    },
    "id": "1605849683"
  },
  {
    "type": "PushEvent",
    "repo": {
      "id": 3606624,
      "name": "github/ReactiveCocoa",
      "url": "https://api.github.com/repos/github/ReactiveCocoa"
    },
    "actor": {
      "avatar_url": "https://secure.gravatar.com/avatar/62e8c8bfaa8d755cab82accb48d335c8?d=https://a248.e.akamai.net/assets.github.com%2Fimages%2Fgravatars%2Fgravatar-user-420.png",
      "login": "joshaber",
      "id": 13760,
      "url": "https://api.github.com/users/joshaber",
      "gravatar_id": "62e8c8bfaa8d755cab82accb48d335c8"
    },
    "org": {
      "avatar_url": "https://secure.gravatar.com/avatar/61024896f291303615bcd4f7a0dcfb74?d=https://a248.e.akamai.net/assets.github.com%2Fimages%2Fgravatars%2Fgravatar-org-420.png",
      "login": "github",
      "id": 9919,
      "url": "https://api.github.com/orgs/github",
      "gravatar_id": "61024896f291303615bcd4f7a0dcfb74"
    },
    "created_at": "2012-10-02T21:40:19Z",
    "public": true,
    "payload": {
      "before": "fcfece319ab49895cee094ca5a10f471860e6fca",
      "ref": "refs/heads/perform-selector",
      "size": 1,
      "distinct_size": 1,
      "commits": [
        {
          "url": "https://api.github.com/repos/github/ReactiveCocoa/commits/9d2431371619acf5837e5cfd7f5943cb05d12a5c",
          "sha": "9d2431371619acf5837e5cfd7f5943cb05d12a5c",
          "author": {
            "email": "joshaber@gmail.com",
            "name": "joshaber"
          },
          "message": "need to weakly ref self",
          "distinct": true
        }
      ],
      "push_id": 108454847,
      "head": "9d2431371619acf5837e5cfd7f5943cb05d12a5c"
    },
    "id": "1605849394"
  },
  {
    "type": "PushEvent",
    "repo": {
      "id": 3606624,
      "name": "github/ReactiveCocoa",
      "url": "https://api.github.com/repos/github/ReactiveCocoa"
    },
    "actor": {
      "avatar_url": "https://secure.gravatar.com/avatar/62e8c8bfaa8d755cab82accb48d335c8?d=https://a248.e.akamai.net/assets.github.com%2Fimages%2Fgravatars%2Fgravatar-user-420.png",
      "id": 13760,
      "login": "joshaber",
      "url": "https://api.github.com/users/joshaber",
      "gravatar_id": "62e8c8bfaa8d755cab82accb48d335c8"
    },
    "org": {
      "avatar_url": "https://secure.gravatar.com/avatar/61024896f291303615bcd4f7a0dcfb74?d=https://a248.e.akamai.net/assets.github.com%2Fimages%2Fgravatars%2Fgravatar-org-420.png",
      "id": 9919,
      "login": "github",
      "url": "https://api.github.com/orgs/github",
      "gravatar_id": "61024896f291303615bcd4f7a0dcfb74"
    },
    "created_at": "2012-10-02T21:36:22Z",
    "public": true,
    "payload": {
      "before": "623934b71f128f9bcc44482d6dc76b7fd4848d4d",
      "ref": "refs/heads/new-demo",
      "size": 36,
      "distinct_size": 5,
      "commits": [
        {
          "url": "https://api.github.com/repos/github/ReactiveCocoa/commits/9abd5c73457f62e5724da5a2f019d46b7808d40b",
          "sha": "9abd5c73457f62e5724da5a2f019d46b7808d40b",
          "author": {
            "email": "joshaber@gmail.com",
            "name": "joshaber"
          },
          "message": "little cleanup",
          "distinct": true
        },
        {
          "url": "https://api.github.com/repos/github/ReactiveCocoa/commits/447540bb8aa252f1c1b51111de17812723ecb3e0",
          "sha": "447540bb8aa252f1c1b51111de17812723ecb3e0",
          "author": {
            "email": "joshaber@gmail.com",
            "name": "joshaber"
          },
          "message": "demo work",
          "distinct": true
        },
        {
          "url": "https://api.github.com/repos/github/ReactiveCocoa/commits/6cfb8a1a154b0c108625e4130c55b06414f7b165",
          "sha": "6cfb8a1a154b0c108625e4130c55b06414f7b165",
          "author": {
            "email": "joshaber@gmail.com",
            "name": "joshaber"
          },
          "message": "-foldWithStart:combine:",
          "distinct": true
        },
        {
          "url": "https://api.github.com/repos/github/ReactiveCocoa/commits/8c41e2db92827886f569bf83e15edd87a314ff41",
          "sha": "8c41e2db92827886f569bf83e15edd87a314ff41",
          "author": {
            "email": "joshaber@gmail.com",
            "name": "joshaber"
          },
          "message": "subscripting assignment trampoline",
          "distinct": true
        },
        {
          "url": "https://api.github.com/repos/github/ReactiveCocoa/commits/bfec1a4ee166aa3b72a8175d23818871b3cd044e",
          "sha": "bfec1a4ee166aa3b72a8175d23818871b3cd044e",
          "author": {
            "email": "joshaber@gmail.com",
            "name": "joshaber"
          },
          "message": "-foldWithStart:combine:",
          "distinct": false
        },
        {
          "url": "https://api.github.com/repos/github/ReactiveCocoa/commits/9b1a53056b54a5c8fa5127a2df652353e60a1ee0",
          "sha": "9b1a53056b54a5c8fa5127a2df652353e60a1ee0",
          "author": {
            "email": "joshaber@gmail.com",
            "name": "joshaber"
          },
          "message": "test for fold",
          "distinct": false
        },
        {
          "url": "https://api.github.com/repos/github/ReactiveCocoa/commits/8fa9e46d15d337b91214e6486892dbcc1fc3feb3",
          "sha": "8fa9e46d15d337b91214e6486892dbcc1fc3feb3",
          "author": {
            "email": "joshaber@gmail.com",
            "name": "joshaber"
          },
          "message": "subscripting assignment trampoline",
          "distinct": false
        },
        {
          "url": "https://api.github.com/repos/github/ReactiveCocoa/commits/5a6ed54fd8402ac3e1e882e17b7e1746bf1aa4df",
          "sha": "5a6ed54fd8402ac3e1e882e17b7e1746bf1aa4df",
          "author": {
            "email": "joshaber@gmail.com",
            "name": "joshaber"
          },
          "message": "moved to the right place and added some tests",
          "distinct": false
        },
        {
          "url": "https://api.github.com/repos/github/ReactiveCocoa/commits/5836cfd632fdd6594e500eed82cf7e2f6de58899",
          "sha": "5836cfd632fdd6594e500eed82cf7e2f6de58899",
          "author": {
            "email": "joshaber@gmail.com",
            "name": "joshaber"
          },
          "message": "renamed fold => scan",
          "distinct": false
        },
        {
          "url": "https://api.github.com/repos/github/ReactiveCocoa/commits/c60e113240760adc9152242323dac93fe1f87ac5",
          "sha": "c60e113240760adc9152242323dac93fe1f87ac5",
          "author": {
            "email": "joshaber@gmail.com",
            "name": "joshaber"
          },
          "message": "split the trampoline into two objects",
          "distinct": false
        },
        {
          "url": "https://api.github.com/repos/github/ReactiveCocoa/commits/8ab6074947a10e06a222193e42f4ab4ce109df9e",
          "sha": "8ab6074947a10e06a222193e42f4ab4ce109df9e",
          "author": {
            "email": "joshaber@gmail.com",
            "name": "joshaber"
          },
          "message": "test sending nil",
          "distinct": false
        },
        {
          "url": "https://api.github.com/repos/github/ReactiveCocoa/commits/20b3dd1b73eb35a05605ba8cb69582ff62402ae5",
          "sha": "20b3dd1b73eb35a05605ba8cb69582ff62402ae5",
          "author": {
            "email": "jspahrsummers@github.com",
            "name": "Justin Spahr-Summers"
          },
          "message": "Merge pull request #64 from github/fold\n\n-foldWithStart:combine:",
          "distinct": false
        },
        {
          "url": "https://api.github.com/repos/github/ReactiveCocoa/commits/f0f25596c8af69ca31bf2302ffeb1694f56fc391",
          "sha": "f0f25596c8af69ca31bf2302ffeb1694f56fc391",
          "author": {
            "email": "joshaber@gmail.com",
            "name": "joshaber"
          },
          "message": "more work on the demo",
          "distinct": true
        },
        {
          "url": "https://api.github.com/repos/github/ReactiveCocoa/commits/c590aad2410d9b2be916f31d8e243ab50cfbe9fb",
          "sha": "c590aad2410d9b2be916f31d8e243ab50cfbe9fb",
          "author": {
            "email": "joshaber@gmail.com",
            "name": "joshaber"
          },
          "message": "use metamacros to pair down the RAC macros",
          "distinct": false
        },
        {
          "url": "https://api.github.com/repos/github/ReactiveCocoa/commits/9f0c8aad3c9ca8f667ff6d61dbc91067ec7c7848",
          "sha": "9f0c8aad3c9ca8f667ff6d61dbc91067ec7c7848",
          "author": {
            "email": "joshaber@gmail.com",
            "name": "joshaber"
          },
          "message": "fixed for RAC changes",
          "distinct": false
        },
        {
          "url": "https://api.github.com/repos/github/ReactiveCocoa/commits/3ecf1902eacd79bc18a35d94462ff33db919fcbf",
          "sha": "3ecf1902eacd79bc18a35d94462ff33db919fcbf",
          "author": {
            "email": "joshaber@gmail.com",
            "name": "joshaber"
          },
          "message": "spaces troll",
          "distinct": false
        },
        {
          "url": "https://api.github.com/repos/github/ReactiveCocoa/commits/02e0c5afab12dc1fb54b520e02f2a93567a8e369",
          "sha": "02e0c5afab12dc1fb54b520e02f2a93567a8e369",
          "author": {
            "email": "joshaber@gmail.com",
            "name": "joshaber"
          },
          "message": "accidentally'd a word",
          "distinct": false
        },
        {
          "url": "https://api.github.com/repos/github/ReactiveCocoa/commits/a26a1a12fbda44aa9874341552da0c81ce124ece",
          "sha": "a26a1a12fbda44aa9874341552da0c81ce124ece",
          "author": {
            "email": "joshaber@gmail.com",
            "name": "joshaber"
          },
          "message": "don't need the extra keypath macro anymore",
          "distinct": false
        },
        {
          "url": "https://api.github.com/repos/github/ReactiveCocoa/commits/96877f94c396d0c9a85178edc9496d3f7a40fab6",
          "sha": "96877f94c396d0c9a85178edc9496d3f7a40fab6",
          "author": {
            "email": "jspahrsummers@github.com",
            "name": "Justin Spahr-Summers"
          },
          "message": "Merge pull request #65 from github/derived-assignment\n\nDerived assignment",
          "distinct": false
        },
        {
          "url": "https://api.github.com/repos/github/ReactiveCocoa/commits/3cb22b51a3f4402a394c5d137f453d813d1d4062",
          "sha": "3cb22b51a3f4402a394c5d137f453d813d1d4062",
          "author": {
            "email": "Justin.SpahrSummers@gmail.com",
            "name": "Justin Spahr-Summers"
          },
          "message": "Added a Contributing section to the README",
          "distinct": false
        }
      ],
      "push_id": 108453672,
      "head": "da01b97c85d2a2d2b8e4021c2e3dff693a8f2c6b"
    },
    "id": "1605847260"
  },
  {
    "type": "PushEvent",
    "repo": {
      "id": 3606624,
      "name": "github/ReactiveCocoa",
      "url": "https://api.github.com/repos/github/ReactiveCocoa"
    },
    "actor": {
      "avatar_url": "https://secure.gravatar.com/avatar/62e8c8bfaa8d755cab82accb48d335c8?d=https://a248.e.akamai.net/assets.github.com%2Fimages%2Fgravatars%2Fgravatar-user-420.png",
      "login": "joshaber",
      "id": 13760,
      "url": "https://api.github.com/users/joshaber",
      "gravatar_id": "62e8c8bfaa8d755cab82accb48d335c8"
    },
    "org": {
      "avatar_url": "https://secure.gravatar.com/avatar/61024896f291303615bcd4f7a0dcfb74?d=https://a248.e.akamai.net/assets.github.com%2Fimages%2Fgravatars%2Fgravatar-org-420.png",
      "login": "github",
      "id": 9919,
      "url": "https://api.github.com/orgs/github",
      "gravatar_id": "61024896f291303615bcd4f7a0dcfb74"
    },
    "created_at": "2012-10-02T21:36:21Z",
    "public": true,
    "payload": {
      "before": "3be5d3564becab914e79b0ce1c759783f4723978",
      "ref": "refs/heads/perform-selector",
      "size": 6,
      "distinct_size": 1,
      "commits": [
        {
          "url": "https://api.github.com/repos/github/ReactiveCocoa/commits/981f7403f1a15f9a15dab7ae4699339d08347352",
          "sha": "981f7403f1a15f9a15dab7ae4699339d08347352",
          "author": {
            "email": "Justin.SpahrSummers@gmail.com",
            "name": "Justin Spahr-Summers"
          },
          "message": "Added a unit test to catch RACAsyncSubject in the act",
          "distinct": false
        },
        {
          "url": "https://api.github.com/repos/github/ReactiveCocoa/commits/6b351887df5f8e676975249d27a81c0f1769d76f",
          "sha": "6b351887df5f8e676975249d27a81c0f1769d76f",
          "author": {
            "email": "Justin.SpahrSummers@gmail.com",
            "name": "Justin Spahr-Summers"
          },
          "message": "Only send the lastValue if one was set",
          "distinct": false
        },
        {
          "url": "https://api.github.com/repos/github/ReactiveCocoa/commits/eac74d45c15d7c90ef435ef81ec154002867b670",
          "sha": "eac74d45c15d7c90ef435ef81ec154002867b670",
          "author": {
            "email": "josh@github.com",
            "name": "Josh Abernathy"
          },
          "message": "Merge pull request #68 from github/async-subject-nil-values\n\nRACAsyncSubject should only send the last value if one was actually set",
          "distinct": false
        },
        {
          "url": "https://api.github.com/repos/github/ReactiveCocoa/commits/97fd3cef7af9aa5c72d8d1cb1357f0aa50ea242a",
          "sha": "97fd3cef7af9aa5c72d8d1cb1357f0aa50ea242a",
          "author": {
            "email": "Justin.SpahrSummers@gmail.com",
            "name": "Justin Spahr-Summers"
          },
          "message": "Only capture backtrace addresses initially\n\nThis speeds up RACBacktrace, because we avoid symbolication until we need it.",
          "distinct": false
        },
        {
          "url": "https://api.github.com/repos/github/ReactiveCocoa/commits/d8996a9f6e0dfd6a0d7cb44bc942192f7b925b49",
          "sha": "d8996a9f6e0dfd6a0d7cb44bc942192f7b925b49",
          "author": {
            "email": "josh@github.com",
            "name": "Josh Abernathy"
          },
          "message": "Merge pull request #69 from github/backtrace-performance\n\nOnly capture backtrace addresses initially",
          "distinct": false
        },
        {
          "url": "https://api.github.com/repos/github/ReactiveCocoa/commits/fcfece319ab49895cee094ca5a10f471860e6fca",
          "sha": "fcfece319ab49895cee094ca5a10f471860e6fca",
          "author": {
            "email": "joshaber@gmail.com",
            "name": "joshaber"
          },
          "message": "Merge remote-tracking branch 'origin/master' into perform-selector",
          "distinct": true
        }
      ],
      "push_id": 108453665,
      "head": "fcfece319ab49895cee094ca5a10f471860e6fca"
    },
    "id": "1605847251"
  },
  {
    "type": "CreateEvent",
    "repo": {
      "id": 3606624,
      "name": "github/ReactiveCocoa",
      "url": "https://api.github.com/repos/github/ReactiveCocoa"
    },
    "actor": {
      "avatar_url": "https://secure.gravatar.com/avatar/62e8c8bfaa8d755cab82accb48d335c8?d=https://a248.e.akamai.net/assets.github.com%2Fimages%2Fgravatars%2Fgravatar-user-420.png",
      "login": "joshaber",
      "id": 13760,
      "url": "https://api.github.com/users/joshaber",
      "gravatar_id": "62e8c8bfaa8d755cab82accb48d335c8"
    },
    "org": {
      "avatar_url": "https://secure.gravatar.com/avatar/61024896f291303615bcd4f7a0dcfb74?d=https://a248.e.akamai.net/assets.github.com%2Fimages%2Fgravatars%2Fgravatar-org-420.png",
      "login": "github",
      "id": 9919,
      "url": "https://api.github.com/orgs/github",
      "gravatar_id": "61024896f291303615bcd4f7a0dcfb74"
    },
    "created_at": "2012-10-02T21:36:09Z",
    "public": true,
    "payload": {
      "ref": "perform-selector",
      "ref_type": "branch",
      "master_branch": "master",
      "description": "A framework for composing and transforming sequences of values."
    },
    "id": "1605847125"
  },
  {
    "type": "PushEvent",
    "repo": {
      "id": 3518148,
      "name": "github/twui",
      "url": "https://api.github.com/repos/github/twui"
    },
    "actor": {
      "avatar_url": "https://secure.gravatar.com/avatar/cac992bb300ed4f3ed5c2a6049e552f9?d=https://a248.e.akamai.net/assets.github.com%2Fimages%2Fgravatars%2Fgravatar-user-420.png",
      "login": "jspahrsummers",
      "id": 432536,
      "url": "https://api.github.com/users/jspahrsummers",
      "gravatar_id": "cac992bb300ed4f3ed5c2a6049e552f9"
    },
    "org": {
      "avatar_url": "https://secure.gravatar.com/avatar/61024896f291303615bcd4f7a0dcfb74?d=https://a248.e.akamai.net/assets.github.com%2Fimages%2Fgravatars%2Fgravatar-org-420.png",
      "login": "github",
      "id": 9919,
      "url": "https://api.github.com/orgs/github",
      "gravatar_id": "61024896f291303615bcd4f7a0dcfb74"
    },
    "created_at": "2012-10-02T20:59:12Z",
    "public": true,
    "payload": {
      "before": "50825aa91baded30d4285f328f59f92c60ea587a",
      "ref": "refs/heads/master",
      "size": 1,
      "distinct_size": 1,
      "commits": [
        {
          "url": "https://api.github.com/repos/github/twui/commits/d1c4c35626219b63019940b1f59de6d15df404b0",
          "sha": "d1c4c35626219b63019940b1f59de6d15df404b0",
          "author": {
            "email": "Justin.SpahrSummers@gmail.com",
            "name": "Justin Spahr-Summers"
          },
          "message": ".vertical isn't actually a property\n\nCC @galaxas0",
          "distinct": true
        }
      ],
      "push_id": 108442514,
      "head": "d1c4c35626219b63019940b1f59de6d15df404b0"
    },
    "id": "1605827145"
  },
  {
    "type": "PullRequestEvent",
    "repo": {
      "id": 3518148,
      "name": "github/twui",
      "url": "https://api.github.com/repos/github/twui"
    },
    "actor": {
      "avatar_url": "https://secure.gravatar.com/avatar/cac992bb300ed4f3ed5c2a6049e552f9?d=https://a248.e.akamai.net/assets.github.com%2Fimages%2Fgravatars%2Fgravatar-user-420.png",
      "id": 432536,
      "login": "jspahrsummers",
      "url": "https://api.github.com/users/jspahrsummers",
      "gravatar_id": "cac992bb300ed4f3ed5c2a6049e552f9"
    },
    "org": {
      "avatar_url": "https://secure.gravatar.com/avatar/61024896f291303615bcd4f7a0dcfb74?d=https://a248.e.akamai.net/assets.github.com%2Fimages%2Fgravatars%2Fgravatar-org-420.png",
      "id": 9919,
      "login": "github",
      "url": "https://api.github.com/orgs/github",
      "gravatar_id": "61024896f291303615bcd4f7a0dcfb74"
    },
    "created_at": "2012-10-02T20:56:59Z",
    "public": true,
    "payload": {
      "action": "closed",
      "number": 98,
      "pull_request": {
        "base": {
          "label": "github:master",
          "sha": "dc03671d0154a05a4b77d146880713014e8031df",
          "ref": "master",
          "user": {
            "url": "https://api.github.com/users/github",
            "avatar_url": "https://secure.gravatar.com/avatar/61024896f291303615bcd4f7a0dcfb74?d=https://a248.e.akamai.net/assets.github.com%2Fimages%2Fgravatars%2Fgravatar-org-420.png",
            "id": 9919,
            "login": "github",
            "gravatar_id": "61024896f291303615bcd4f7a0dcfb74"
          },
          "repo": {
            "mirror_url": null,
            "created_at": "2012-02-22T19:37:47Z",
            "open_issues": 8,
            "url": "https://api.github.com/repos/github/twui",
            "watchers_count": 161,
            "forks": 20,
            "open_issues_count": 8,
            "homepage": "",
            "has_wiki": true,
            "svn_url": "https://github.com/github/twui",
            "id": 3518148,
            "size": 352,
            "full_name": "github/twui",
            "pushed_at": "2012-10-02T20:56:56Z",
            "owner": {
              "url": "https://api.github.com/users/github",
              "avatar_url": "https://secure.gravatar.com/avatar/61024896f291303615bcd4f7a0dcfb74?d=https://a248.e.akamai.net/assets.github.com%2Fimages%2Fgravatars%2Fgravatar-org-420.png",
              "id": 9919,
              "login": "github",
              "gravatar_id": "61024896f291303615bcd4f7a0dcfb74"
            },
            "forks_count": 20,
            "updated_at": "2012-10-02T20:56:56Z",
            "name": "twui",
            "fork": true,
            "master_branch": "master",
            "language": "Objective-C",
            "html_url": "https://github.com/github/twui",
            "has_issues": true,
            "ssh_url": "git@github.com:github/twui.git",
            "private": false,
            "clone_url": "https://github.com/github/twui.git",
            "has_downloads": true,
            "description": "A framework for developing interfaces on the Mac.",
            "git_url": "git://github.com/github/twui.git",
            "watchers": 161
          }
        },
        "patch_url": "https://github.com/github/twui/pull/98.patch",
        "body": "It's an error I made, and I shall fix it! :D",
        "merged_at": "2012-10-02T20:56:57Z",
        "created_at": "2012-10-02T02:54:09Z",
        "closed_at": "2012-10-02T20:56:57Z",
        "additions": 7,
        "url": "https://api.github.com/repos/github/twui/pulls/98",
        "mergeable_state": "unknown",
        "title": "Oops! Fixed scroll knob visibility glitch.",
        "changed_files": 1,
        "merged": true,
        "state": "closed",
        "milestone": null,
        "id": 2510270,
        "comments": 2,
        "diff_url": "https://github.com/github/twui/pull/98.diff",
        "number": 98,
        "mergeable": null,
        "user": {
          "url": "https://api.github.com/users/galaxas0",
          "avatar_url": "https://secure.gravatar.com/avatar/7fd5213ef68f6de2f6153a2c07b44b7e?d=https://a248.e.akamai.net/assets.github.com%2Fimages%2Fgravatars%2Fgravatar-user-420.png",
          "id": 1361003,
          "login": "galaxas0",
          "gravatar_id": "7fd5213ef68f6de2f6153a2c07b44b7e"
        },
        "updated_at": "2012-10-02T20:56:57Z",
        "commits": 2,
        "issue_url": "https://github.com/github/twui/issues/98",
        "review_comments": 1,
        "html_url": "https://github.com/github/twui/pull/98",
        "merged_by": {
          "url": "https://api.github.com/users/jspahrsummers",
          "avatar_url": "https://secure.gravatar.com/avatar/cac992bb300ed4f3ed5c2a6049e552f9?d=https://a248.e.akamai.net/assets.github.com%2Fimages%2Fgravatars%2Fgravatar-user-420.png",
          "id": 432536,
          "login": "jspahrsummers",
          "gravatar_id": "cac992bb300ed4f3ed5c2a6049e552f9"
        },
        "assignee": {
          "url": "https://api.github.com/users/jspahrsummers",
          "avatar_url": "https://secure.gravatar.com/avatar/cac992bb300ed4f3ed5c2a6049e552f9?d=https://a248.e.akamai.net/assets.github.com%2Fimages%2Fgravatars%2Fgravatar-user-420.png",
          "id": 432536,
          "login": "jspahrsummers",
          "gravatar_id": "cac992bb300ed4f3ed5c2a6049e552f9"
        },
        "_links": {
          "issue": {
            "href": "https://api.github.com/repos/github/twui/issues/98"
          },
          "self": {
            "href": "https://api.github.com/repos/github/twui/pulls/98"
          },
          "comments": {
            "href": "https://api.github.com/repos/github/twui/issues/98/comments"
          },
          "review_comments": {
            "href": "https://api.github.com/repos/github/twui/pulls/98/comments"
          },
          "html": {
            "href": "https://github.com/github/twui/pull/98"
          }
        },
        "head": {
          "label": "galaxas0:scrollknob-fix",
          "sha": "aef468263333d0577a91f3bd56fc5ebfc14567f6",
          "ref": "scrollknob-fix",
          "user": {
            "url": "https://api.github.com/users/galaxas0",
            "avatar_url": "https://secure.gravatar.com/avatar/7fd5213ef68f6de2f6153a2c07b44b7e?d=https://a248.e.akamai.net/assets.github.com%2Fimages%2Fgravatars%2Fgravatar-user-420.png",
            "id": 1361003,
            "login": "galaxas0",
            "gravatar_id": "7fd5213ef68f6de2f6153a2c07b44b7e"
          },
          "repo": {
            "mirror_url": null,
            "created_at": "2012-07-20T16:00:09Z",
            "open_issues": 0,
            "url": "https://api.github.com/repos/galaxas0/twui",
            "watchers_count": 1,
            "forks": 0,
            "open_issues_count": 0,
            "homepage": "",
            "has_wiki": true,
            "svn_url": "https://github.com/galaxas0/twui",
            "id": 5125252,
            "size": 356,
            "full_name": "galaxas0/twui",
            "pushed_at": "2012-10-02T20:21:58Z",
            "owner": {
              "url": "https://api.github.com/users/galaxas0",
              "avatar_url": "https://secure.gravatar.com/avatar/7fd5213ef68f6de2f6153a2c07b44b7e?d=https://a248.e.akamai.net/assets.github.com%2Fimages%2Fgravatars%2Fgravatar-user-420.png",
              "id": 1361003,
              "login": "galaxas0",
              "gravatar_id": "7fd5213ef68f6de2f6153a2c07b44b7e"
            },
            "forks_count": 0,
            "updated_at": "2012-10-02T20:21:59Z",
            "name": "twui",
            "fork": true,
            "master_branch": "master",
            "language": "Objective-C",
            "html_url": "https://github.com/galaxas0/twui",
            "has_issues": true,
            "ssh_url": "git@github.com:galaxas0/twui.git",
            "private": false,
            "clone_url": "https://github.com/galaxas0/twui.git",
            "has_downloads": true,
            "description": "A framework for developing interfaces on the Mac.",
            "git_url": "git://github.com/galaxas0/twui.git",
            "watchers": 1
          }
        },
        "deletions": 1
      }
    },
    "id": "1605825804"
  },
  {
    "type": "PushEvent",
    "repo": {
      "id": 3518148,
      "name": "github/twui",
      "url": "https://api.github.com/repos/github/twui"
    },
    "actor": {
      "avatar_url": "https://secure.gravatar.com/avatar/cac992bb300ed4f3ed5c2a6049e552f9?d=https://a248.e.akamai.net/assets.github.com%2Fimages%2Fgravatars%2Fgravatar-user-420.png",
      "login": "jspahrsummers",
      "id": 432536,
      "url": "https://api.github.com/users/jspahrsummers",
      "gravatar_id": "cac992bb300ed4f3ed5c2a6049e552f9"
    },
    "org": {
      "avatar_url": "https://secure.gravatar.com/avatar/61024896f291303615bcd4f7a0dcfb74?d=https://a248.e.akamai.net/assets.github.com%2Fimages%2Fgravatars%2Fgravatar-org-420.png",
      "login": "github",
      "id": 9919,
      "url": "https://api.github.com/orgs/github",
      "gravatar_id": "61024896f291303615bcd4f7a0dcfb74"
    },
    "created_at": "2012-10-02T20:56:59Z",
    "public": true,
    "payload": {
      "before": "14d6008c8c0ffc3f947309a6baa169c399a5846e",
      "ref": "refs/heads/master",
      "size": 3,
      "distinct_size": 3,
      "commits": [
        {
          "url": "https://api.github.com/repos/github/twui/commits/e0b93b61a9b6c54084c9ef7a5e7dcc34df0f88c2",
          "sha": "e0b93b61a9b6c54084c9ef7a5e7dcc34df0f88c2",
          "author": {
            "email": "aditya.nrusimha@gmail.com",
            "name": "Aditya Nrusimha"
          },
          "message": "Oops! Fixed scroll knob visibility glitch.",
          "distinct": true
        },
        {
          "url": "https://api.github.com/repos/github/twui/commits/aef468263333d0577a91f3bd56fc5ebfc14567f6",
          "sha": "aef468263333d0577a91f3bd56fc5ebfc14567f6",
          "author": {
            "email": "aditya.nrusimha@gmail.com",
            "name": "galaxas0"
          },
          "message": "Fixed getter syntax.",
          "distinct": true
        },
        {
          "url": "https://api.github.com/repos/github/twui/commits/50825aa91baded30d4285f328f59f92c60ea587a",
          "sha": "50825aa91baded30d4285f328f59f92c60ea587a",
          "author": {
            "email": "Justin.SpahrSummers@gmail.com",
            "name": "Justin Spahr-Summers"
          },
          "message": "Merge remote-tracking branch 'galaxas0/scrollknob-fix' (pull request #98)",
          "distinct": true
        }
      ],
      "push_id": 108441786,
      "head": "50825aa91baded30d4285f328f59f92c60ea587a"
    },
    "id": "1605825799"
  },
  {
    "type": "DeleteEvent",
    "repo": {
      "id": 3518148,
      "name": "github/twui",
      "url": "https://api.github.com/repos/github/twui"
    },
    "actor": {
      "avatar_url": "https://secure.gravatar.com/avatar/62e8c8bfaa8d755cab82accb48d335c8?d=https://a248.e.akamai.net/assets.github.com%2Fimages%2Fgravatars%2Fgravatar-user-420.png",
      "login": "joshaber",
      "id": 13760,
      "url": "https://api.github.com/users/joshaber",
      "gravatar_id": "62e8c8bfaa8d755cab82accb48d335c8"
    },
    "org": {
      "avatar_url": "https://secure.gravatar.com/avatar/61024896f291303615bcd4f7a0dcfb74?d=https://a248.e.akamai.net/assets.github.com%2Fimages%2Fgravatars%2Fgravatar-org-420.png",
      "login": "github",
      "id": 9919,
      "url": "https://api.github.com/orgs/github",
      "gravatar_id": "61024896f291303615bcd4f7a0dcfb74"
    },
    "created_at": "2012-10-02T20:47:43Z",
    "public": true,
    "payload": {
      "ref": "fix-make-first-responder",
      "ref_type": "branch"
    },
    "id": "1605820410"
  },
  {
    "type": "PushEvent",
    "repo": {
      "id": 3518148,
      "name": "github/twui",
      "url": "https://api.github.com/repos/github/twui"
    },
    "actor": {
      "avatar_url": "https://secure.gravatar.com/avatar/62e8c8bfaa8d755cab82accb48d335c8?d=https://a248.e.akamai.net/assets.github.com%2Fimages%2Fgravatars%2Fgravatar-user-420.png",
      "id": 13760,
      "login": "joshaber",
      "url": "https://api.github.com/users/joshaber",
      "gravatar_id": "62e8c8bfaa8d755cab82accb48d335c8"
    },
    "org": {
      "avatar_url": "https://secure.gravatar.com/avatar/61024896f291303615bcd4f7a0dcfb74?d=https://a248.e.akamai.net/assets.github.com%2Fimages%2Fgravatars%2Fgravatar-org-420.png",
      "id": 9919,
      "login": "github",
      "url": "https://api.github.com/orgs/github",
      "gravatar_id": "61024896f291303615bcd4f7a0dcfb74"
    },
    "created_at": "2012-10-02T20:46:19Z",
    "public": true,
    "payload": {
      "before": "31f72e81636d9b3c281e3ba898c05042a6c90898",
      "ref": "refs/heads/master",
      "size": 2,
      "distinct_size": 1,
      "commits": [
        {
          "url": "https://api.github.com/repos/github/twui/commits/cf1120ab68dfcc35cfc63effbd1c610f04111c43",
          "sha": "cf1120ab68dfcc35cfc63effbd1c610f04111c43",
          "author": {
            "email": "Justin.SpahrSummers@gmail.com",
            "name": "Justin Spahr-Summers"
          },
          "message": "Revert \"Take acceptsFirstResponder into account.\"\n\nThis reverts commit c636424772341201126bc8bea6f70f4f67b36962.\n\nConflicts:\n\tlib/UIKit/TUINSWindow.m",
          "distinct": false
        },
        {
          "url": "https://api.github.com/repos/github/twui/commits/14d6008c8c0ffc3f947309a6baa169c399a5846e",
          "sha": "14d6008c8c0ffc3f947309a6baa169c399a5846e",
          "author": {
            "email": "josh@github.com",
            "name": "Josh Abernathy"
          },
          "message": "Merge pull request #100 from github/fix-make-first-responder\n\nRevert \"Take acceptsFirstResponder into account.\"",
          "distinct": true
        }
      ],
      "push_id": 108438407,
      "head": "14d6008c8c0ffc3f947309a6baa169c399a5846e"
    },
    "id": "1605819629"
  }
]
