{
	"url": "https://api.github.com/repos/octocat/Hello-World/commits/6dcb09b5b57875f334f61aebed695e2e4193db5e",
	"sha": "6dcb09b5b57875f334f61aebed695e2e4193db5e",
	"commit": {
		"url": "https://api.github.com/repos/octocat/Hello-World/git/commits/6dcb09b5b57875f334f61aebed695e2e4193db5e",
		"author": {
			"name": "Monalisa Octocat",
			"email": "support@github.com",
            "date": "1970-01-01T00:00:00Z"
		},
		"committer": {
			"name": "Monalisa Octocat",
			"email": "support@github.com",
            "date": "1970-01-01T00:00:00Z"
		},
		"message": "Fix all the bugs",
		"tree": {
			"url": "https://api.github.com/repos/octocat/Hello-World/tree/6dcb09b5b57875f334f61aebed695e2e4193db5e",
			"sha": "6dcb09b5b57875f334f61aebed695e2e4193db5e"
		}
	},
	"author": {
		"login": "octocat",
		"id": 1,
		"avatar_url": "https://github.com/images/error/octocat_happy.gif",
		"gravatar_id": "somehexcode",
		"url": "https://api.github.com/users/octocat",
		"html_url": "https://github.com/octocat",
		"followers_url": "https://api.github.com/users/octocat/followers",
		"following_url": "https://api.github.com/users/octocat/following{/other_user}",
		"gists_url": "https://api.github.com/users/octocat/gists{/gist_id}",
		"starred_url": "https://api.github.com/users/octocat/starred{/owner}{/repo}",
		"subscriptions_url": "https://api.github.com/users/octocat/subscriptions",
		"organizations_url": "https://api.github.com/users/octocat/orgs",
		"repos_url": "https://api.github.com/users/octocat/repos",
		"events_url": "https://api.github.com/users/octocat/events{/privacy}",
		"received_events_url": "https://api.github.com/users/octocat/received_events",
		"type": "User",
		"site_admin": false
	},
	"committer": {
		"login": "octocat",
		"id": 1,
		"avatar_url": "https://github.com/images/error/octocat_happy.gif",
		"gravatar_id": "somehexcode",
		"url": "https://api.github.com/users/octocat",
		"html_url": "https://github.com/octocat",
		"followers_url": "https://api.github.com/users/octocat/followers",
		"following_url": "https://api.github.com/users/octocat/following{/other_user}",
		"gists_url": "https://api.github.com/users/octocat/gists{/gist_id}",
		"starred_url": "https://api.github.com/users/octocat/starred{/owner}{/repo}",
		"subscriptions_url": "https://api.github.com/users/octocat/subscriptions",
		"organizations_url": "https://api.github.com/users/octocat/orgs",
		"repos_url": "https://api.github.com/users/octocat/repos",
		"events_url": "https://api.github.com/users/octocat/events{/privacy}",
		"received_events_url": "https://api.github.com/users/octocat/received_events",
		"type": "User",
		"site_admin": false
	},
	"parents": [
		{
			"url": "https://api.github.com/repos/octocat/Hello-World/commits/6dcb09b5b57875f334f61aebed695e2e4193db5e",
			"sha": "6dcb09b5b57875f334f61aebed695e2e4193db5e"
		}
	],
	"stats": {
		"additions": 104,
		"deletions": 4,
		"total": 108
	},
	"files": [
		{
			"filename": "file1.txt",
			"additions": 10,
			"deletions": 2,
			"changes": 12,
			"status": "modified",
			"raw_url": "https://github.com/octocat/Hello-World/raw/7ca483543807a51b6079e54ac4cc392bc29ae284/file1.txt",
			"blob_url": "https://github.com/octocat/Hello-World/blob/7ca483543807a51b6079e54ac4cc392bc29ae284/file1.txt",
			"patch": "@@ -29,7 +29,7 @@\n....."
		}
	]
}