[
  {
    "id": 1,
    "repository": {
      "id": 1296269,
      "owner": {
        "login": "octocat",
        "id": 1,
        "avatar_url": "https://github.com/images/error/octocat_happy.gif",
        "gravatar_id": "somehexcode",
        "url": "https://api.github.com/users/octocat"
      },
      "name": "Hello-World",
      "full_name": "octocat/Hello-World",
      "description": "This your first repo!",
      "private": false,
      "fork": false,
      "url": "https://api.github.com/repos/octocat/Hello-World",
      "html_url": "https://github.com/octocat/Hello-World"
    },
    "subject": {
      "title": "Greetings",
      "type": "Issue",
      "url": "https://api.github.com/repos/pengwynn/octokit/issues/123",
      "latest_comment_url": "https://api.github.com/repos/pengwynn/octokit/issues/comments/123"
    },
    "reason": "subscribed",
    "unread": true,
    "updated_at": "2012-09-25T07:54:41-07:00",
    "last_read_at": "2012-09-25T07:54:41-07:00",
    "url": "https://api.github.com/notifications/threads/1"
  }
]
