{
    "id": 7530454,
    "name": "octokit.objc",
    "full_name": "octokit/octokit.objc",
    "owner": {
        "login": "octokit",
        "id": 3430433,
        "avatar_url": "https://secure.gravatar.com/avatar/43f38795089d56a2a7092b7d0c71fa76?d=https://a248.e.akamai.net/assets.github.com%2Fimages%2Fgravatars%2Fgravatar-org-420.png",
        "gravatar_id": "43f38795089d56a2a7092b7d0c71fa76",
        "url": "https://api.github.com/users/octokit",
        "html_url": "https://github.com/octokit",
        "followers_url": "https://api.github.com/users/octokit/followers",
        "following_url": "https://api.github.com/users/octokit/following{/other_user}",
        "gists_url": "https://api.github.com/users/octokit/gists{/gist_id}",
        "starred_url": "https://api.github.com/users/octokit/starred{/owner}{/repo}",
        "subscriptions_url": "https://api.github.com/users/octokit/subscriptions",
        "organizations_url": "https://api.github.com/users/octokit/orgs",
        "repos_url": "https://api.github.com/users/octokit/repos",
        "events_url": "https://api.github.com/users/octokit/events{/privacy}",
        "received_events_url": "https://api.github.com/users/octokit/received_events",
        "type": "Organization"
    },
    "private": false,
    "html_url": "https://github.com/octokit/octokit.objc",
    "description": "GitHub API client for Objective-C",
    "fork": false,
    "url": "https://api.github.com/repos/octokit/octokit.objc",
    "forks_url": "https://api.github.com/repos/octokit/octokit.objc/forks",
    "keys_url": "https://api.github.com/repos/octokit/octokit.objc/keys{/key_id}",
    "collaborators_url": "https://api.github.com/repos/octokit/octokit.objc/collaborators{/collaborator}",
    "teams_url": "https://api.github.com/repos/octokit/octokit.objc/teams",
    "hooks_url": "https://api.github.com/repos/octokit/octokit.objc/hooks",
    "issue_events_url": "https://api.github.com/repos/octokit/octokit.objc/issues/events{/number}",
    "events_url": "https://api.github.com/repos/octokit/octokit.objc/events",
    "assignees_url": "https://api.github.com/repos/octokit/octokit.objc/assignees{/user}",
    "branches_url": "https://api.github.com/repos/octokit/octokit.objc/branches{/branch}",
    "tags_url": "https://api.github.com/repos/octokit/octokit.objc/tags",
    "blobs_url": "https://api.github.com/repos/octokit/octokit.objc/git/blobs{/sha}",
    "git_tags_url": "https://api.github.com/repos/octokit/octokit.objc/git/tags{/sha}",
    "git_refs_url": "https://api.github.com/repos/octokit/octokit.objc/git/refs{/sha}",
    "trees_url": "https://api.github.com/repos/octokit/octokit.objc/git/trees{/sha}",
    "statuses_url": "https://api.github.com/repos/octokit/octokit.objc/statuses/{sha}",
    "languages_url": "https://api.github.com/repos/octokit/octokit.objc/languages",
    "stargazers_url": "https://api.github.com/repos/octokit/octokit.objc/stargazers",
    "contributors_url": "https://api.github.com/repos/octokit/octokit.objc/contributors",
    "subscribers_url": "https://api.github.com/repos/octokit/octokit.objc/subscribers",
    "subscription_url": "https://api.github.com/repos/octokit/octokit.objc/subscription",
    "commits_url": "https://api.github.com/repos/octokit/octokit.objc/commits{/sha}",
    "git_commits_url": "https://api.github.com/repos/octokit/octokit.objc/git/commits{/sha}",
    "comments_url": "https://api.github.com/repos/octokit/octokit.objc/comments{/number}",
    "issue_comment_url": "https://api.github.com/repos/octokit/octokit.objc/issues/comments/{number}",
    "contents_url": "https://api.github.com/repos/octokit/octokit.objc/contents/{+path}",
    "compare_url": "https://api.github.com/repos/octokit/octokit.objc/compare/{base}...{head}",
    "merges_url": "https://api.github.com/repos/octokit/octokit.objc/merges",
    "archive_url": "https://api.github.com/repos/octokit/octokit.objc/{archive_format}{/ref}",
    "downloads_url": "https://api.github.com/repos/octokit/octokit.objc/downloads",
    "issues_url": "https://api.github.com/repos/octokit/octokit.objc/issues{/number}",
    "pulls_url": "https://api.github.com/repos/octokit/octokit.objc/pulls{/number}",
    "milestones_url": "https://api.github.com/repos/octokit/octokit.objc/milestones{/number}",
    "notifications_url": "https://api.github.com/repos/octokit/octokit.objc/notifications{?since,all,participating}",
    "labels_url": "https://api.github.com/repos/octokit/octokit.objc/labels{/name}",
    "created_at": "2013-01-09T22:42:53Z",
    "updated_at": "2013-07-15T18:30:50Z",
    "pushed_at": "2013-07-08T22:08:31Z",
    "git_url": "git://github.com/octokit/octokit.objc.git",
    "ssh_url": "git@github.com:octokit/octokit.objc.git",
    "clone_url": "https://github.com/octokit/octokit.objc.git",
    "svn_url": "https://github.com/octokit/octokit.objc",
    "homepage": "",
    "size": 648,
    "watchers_count": 473,
    "language": "Objective-C",
    "has_issues": true,
    "has_downloads": true,
    "has_wiki": true,
    "forks_count": 44,
    "mirror_url": null,
    "open_issues_count": 13,
    "forks": 44,
    "open_issues": 13,
    "watchers": 473,
    "master_branch": "master",
    "default_branch": "master",
    "network_count": 44,
    "organization": {
        "login": "octokit",
        "id": 3430433,
        "avatar_url": "https://secure.gravatar.com/avatar/43f38795089d56a2a7092b7d0c71fa76?d=https://a248.e.akamai.net/assets.github.com%2Fimages%2Fgravatars%2Fgravatar-org-420.png",
        "gravatar_id": "43f38795089d56a2a7092b7d0c71fa76",
        "url": "https://api.github.com/users/octokit",
        "html_url": "https://github.com/octokit",
        "followers_url": "https://api.github.com/users/octokit/followers",
        "following_url": "https://api.github.com/users/octokit/following{/other_user}",
        "gists_url": "https://api.github.com/users/octokit/gists{/gist_id}",
        "starred_url": "https://api.github.com/users/octokit/starred{/owner}{/repo}",
        "subscriptions_url": "https://api.github.com/users/octokit/subscriptions",
        "organizations_url": "https://api.github.com/users/octokit/orgs",
        "repos_url": "https://api.github.com/users/octokit/repos",
        "events_url": "https://api.github.com/users/octokit/events{/privacy}",
        "received_events_url": "https://api.github.com/users/octokit/received_events",
        "type": "Organization"
    }
}
