[
    {
        "id": 3654804,
        "name": "ThisIsATest",
        "full_name": "octocat/ThisIsATest",
        "owner": {
            "login": "octocat",
            "id": 583231,
            "avatar_url": "https://secure.gravatar.com/avatar/7ad39074b0584bc555d0417ae3e7d974?d=https://a248.e.akamai.net/assets.github.com%2Fimages%2Fgravatars%2Fgravatar-user-420.png",
            "gravatar_id": "7ad39074b0584bc555d0417ae3e7d974",
            "url": "https://api.github.com/users/octocat",
            "html_url": "https://github.com/octocat",
            "followers_url": "https://api.github.com/users/octocat/followers",
            "following_url": "https://api.github.com/users/octocat/following{/other_user}",
            "gists_url": "https://api.github.com/users/octocat/gists{/gist_id}",
            "starred_url": "https://api.github.com/users/octocat/starred{/owner}{/repo}",
            "subscriptions_url": "https://api.github.com/users/octocat/subscriptions",
            "organizations_url": "https://api.github.com/users/octocat/orgs",
            "repos_url": "https://api.github.com/users/octocat/repos",
            "events_url": "https://api.github.com/users/octocat/events{/privacy}",
            "received_events_url": "https://api.github.com/users/octocat/received_events",
            "type": "User"
        },
        "private": false,
        "html_url": "https://github.com/octocat/ThisIsATest",
        "description": null,
        "fork": false,
        "url": "https://api.github.com/repos/octocat/ThisIsATest",
        "forks_url": "https://api.github.com/repos/octocat/ThisIsATest/forks",
        "keys_url": "https://api.github.com/repos/octocat/ThisIsATest/keys{/key_id}",
        "collaborators_url": "https://api.github.com/repos/octocat/ThisIsATest/collaborators{/collaborator}",
        "teams_url": "https://api.github.com/repos/octocat/ThisIsATest/teams",
        "hooks_url": "https://api.github.com/repos/octocat/ThisIsATest/hooks",
        "issue_events_url": "https://api.github.com/repos/octocat/ThisIsATest/issues/events{/number}",
        "events_url": "https://api.github.com/repos/octocat/ThisIsATest/events",
        "assignees_url": "https://api.github.com/repos/octocat/ThisIsATest/assignees{/user}",
        "branches_url": "https://api.github.com/repos/octocat/ThisIsATest/branches{/branch}",
        "tags_url": "https://api.github.com/repos/octocat/ThisIsATest/tags",
        "blobs_url": "https://api.github.com/repos/octocat/ThisIsATest/git/blobs{/sha}",
        "git_tags_url": "https://api.github.com/repos/octocat/ThisIsATest/git/tags{/sha}",
        "git_refs_url": "https://api.github.com/repos/octocat/ThisIsATest/git/refs{/sha}",
        "trees_url": "https://api.github.com/repos/octocat/ThisIsATest/git/trees{/sha}",
        "statuses_url": "https://api.github.com/repos/octocat/ThisIsATest/statuses/{sha}",
        "languages_url": "https://api.github.com/repos/octocat/ThisIsATest/languages",
        "stargazers_url": "https://api.github.com/repos/octocat/ThisIsATest/stargazers",
        "contributors_url": "https://api.github.com/repos/octocat/ThisIsATest/contributors",
        "subscribers_url": "https://api.github.com/repos/octocat/ThisIsATest/subscribers",
        "subscription_url": "https://api.github.com/repos/octocat/ThisIsATest/subscription",
        "commits_url": "https://api.github.com/repos/octocat/ThisIsATest/commits{/sha}",
        "git_commits_url": "https://api.github.com/repos/octocat/ThisIsATest/git/commits{/sha}",
        "comments_url": "https://api.github.com/repos/octocat/ThisIsATest/comments{/number}",
        "issue_comment_url": "https://api.github.com/repos/octocat/ThisIsATest/issues/comments/{number}",
        "contents_url": "https://api.github.com/repos/octocat/ThisIsATest/contents/{+path}",
        "compare_url": "https://api.github.com/repos/octocat/ThisIsATest/compare/{base}...{head}",
        "merges_url": "https://api.github.com/repos/octocat/ThisIsATest/merges",
        "archive_url": "https://api.github.com/repos/octocat/ThisIsATest/{archive_format}{/ref}",
        "downloads_url": "https://api.github.com/repos/octocat/ThisIsATest/downloads",
        "issues_url": "https://api.github.com/repos/octocat/ThisIsATest/issues{/number}",
        "pulls_url": "https://api.github.com/repos/octocat/ThisIsATest/pulls{/number}",
        "milestones_url": "https://api.github.com/repos/octocat/ThisIsATest/milestones{/number}",
        "notifications_url": "https://api.github.com/repos/octocat/ThisIsATest/notifications{?since,all,participating}",
        "labels_url": "https://api.github.com/repos/octocat/ThisIsATest/labels{/name}",
        "created_at": "2012-03-07T23:25:47Z",
        "updated_at": "2013-03-26T08:53:19Z",
        "pushed_at": "2013-03-26T08:31:42Z",
        "git_url": "git://github.com/octocat/ThisIsATest.git",
        "ssh_url": "git@github.com:octocat/ThisIsATest.git",
        "clone_url": "https://github.com/octocat/ThisIsATest.git",
        "svn_url": "https://github.com/octocat/ThisIsATest",
        "homepage": null,
        "size": 84,
        "watchers_count": 2,
        "language": null,
        "has_issues": true,
        "has_downloads": true,
        "has_wiki": true,
        "forks_count": 0,
        "mirror_url": null,
        "open_issues_count": 0,
        "forks": 0,
        "open_issues": 0,
        "watchers": 2,
        "master_branch": "master",
        "default_branch": "master"
    },
    {
        "id": 1300192,
        "name": "Spoon-Knife",
        "full_name": "octocat/Spoon-Knife",
        "owner": {
            "login": "octocat",
            "id": 583231,
            "avatar_url": "https://secure.gravatar.com/avatar/7ad39074b0584bc555d0417ae3e7d974?d=https://a248.e.akamai.net/assets.github.com%2Fimages%2Fgravatars%2Fgravatar-user-420.png",
            "gravatar_id": "7ad39074b0584bc555d0417ae3e7d974",
            "url": "https://api.github.com/users/octocat",
            "html_url": "https://github.com/octocat",
            "followers_url": "https://api.github.com/users/octocat/followers",
            "following_url": "https://api.github.com/users/octocat/following{/other_user}",
            "gists_url": "https://api.github.com/users/octocat/gists{/gist_id}",
            "starred_url": "https://api.github.com/users/octocat/starred{/owner}{/repo}",
            "subscriptions_url": "https://api.github.com/users/octocat/subscriptions",
            "organizations_url": "https://api.github.com/users/octocat/orgs",
            "repos_url": "https://api.github.com/users/octocat/repos",
            "events_url": "https://api.github.com/users/octocat/events{/privacy}",
            "received_events_url": "https://api.github.com/users/octocat/received_events",
            "type": "User"
        },
        "private": false,
        "html_url": "https://github.com/octocat/Spoon-Knife",
        "description": "This repo is for demonstration purposes only. Comments and issues may or may not be responded to.",
        "fork": false,
        "url": "https://api.github.com/repos/octocat/Spoon-Knife",
        "forks_url": "https://api.github.com/repos/octocat/Spoon-Knife/forks",
        "keys_url": "https://api.github.com/repos/octocat/Spoon-Knife/keys{/key_id}",
        "collaborators_url": "https://api.github.com/repos/octocat/Spoon-Knife/collaborators{/collaborator}",
        "teams_url": "https://api.github.com/repos/octocat/Spoon-Knife/teams",
        "hooks_url": "https://api.github.com/repos/octocat/Spoon-Knife/hooks",
        "issue_events_url": "https://api.github.com/repos/octocat/Spoon-Knife/issues/events{/number}",
        "events_url": "https://api.github.com/repos/octocat/Spoon-Knife/events",
        "assignees_url": "https://api.github.com/repos/octocat/Spoon-Knife/assignees{/user}",
        "branches_url": "https://api.github.com/repos/octocat/Spoon-Knife/branches{/branch}",
        "tags_url": "https://api.github.com/repos/octocat/Spoon-Knife/tags",
        "blobs_url": "https://api.github.com/repos/octocat/Spoon-Knife/git/blobs{/sha}",
        "git_tags_url": "https://api.github.com/repos/octocat/Spoon-Knife/git/tags{/sha}",
        "git_refs_url": "https://api.github.com/repos/octocat/Spoon-Knife/git/refs{/sha}",
        "trees_url": "https://api.github.com/repos/octocat/Spoon-Knife/git/trees{/sha}",
        "statuses_url": "https://api.github.com/repos/octocat/Spoon-Knife/statuses/{sha}",
        "languages_url": "https://api.github.com/repos/octocat/Spoon-Knife/languages",
        "stargazers_url": "https://api.github.com/repos/octocat/Spoon-Knife/stargazers",
        "contributors_url": "https://api.github.com/repos/octocat/Spoon-Knife/contributors",
        "subscribers_url": "https://api.github.com/repos/octocat/Spoon-Knife/subscribers",
        "subscription_url": "https://api.github.com/repos/octocat/Spoon-Knife/subscription",
        "commits_url": "https://api.github.com/repos/octocat/Spoon-Knife/commits{/sha}",
        "git_commits_url": "https://api.github.com/repos/octocat/Spoon-Knife/git/commits{/sha}",
        "comments_url": "https://api.github.com/repos/octocat/Spoon-Knife/comments{/number}",
        "issue_comment_url": "https://api.github.com/repos/octocat/Spoon-Knife/issues/comments/{number}",
        "contents_url": "https://api.github.com/repos/octocat/Spoon-Knife/contents/{+path}",
        "compare_url": "https://api.github.com/repos/octocat/Spoon-Knife/compare/{base}...{head}",
        "merges_url": "https://api.github.com/repos/octocat/Spoon-Knife/merges",
        "archive_url": "https://api.github.com/repos/octocat/Spoon-Knife/{archive_format}{/ref}",
        "downloads_url": "https://api.github.com/repos/octocat/Spoon-Knife/downloads",
        "issues_url": "https://api.github.com/repos/octocat/Spoon-Knife/issues{/number}",
        "pulls_url": "https://api.github.com/repos/octocat/Spoon-Knife/pulls{/number}",
        "milestones_url": "https://api.github.com/repos/octocat/Spoon-Knife/milestones{/number}",
        "notifications_url": "https://api.github.com/repos/octocat/Spoon-Knife/notifications{?since,all,participating}",
        "labels_url": "https://api.github.com/repos/octocat/Spoon-Knife/labels{/name}",
        "created_at": "2011-01-27T19:30:43Z",
        "updated_at": "2013-07-16T13:23:24Z",
        "pushed_at": "2011-10-31T14:34:52Z",
        "git_url": "git://github.com/octocat/Spoon-Knife.git",
        "ssh_url": "git@github.com:octocat/Spoon-Knife.git",
        "clone_url": "https://github.com/octocat/Spoon-Knife.git",
        "svn_url": "https://github.com/octocat/Spoon-Knife",
        "homepage": "",
        "size": 1558,
        "watchers_count": 10120,
        "language": null,
        "has_issues": true,
        "has_downloads": true,
        "has_wiki": false,
        "forks_count": 16965,
        "mirror_url": null,
        "open_issues_count": 752,
        "forks": 16965,
        "open_issues": 752,
        "watchers": 10120,
        "master_branch": "master",
        "default_branch": "master"
    },
    {
        "id": 1296269,
        "name": "Hello-World",
        "full_name": "octocat/Hello-World",
        "owner": {
            "login": "octocat",
            "id": 583231,
            "avatar_url": "https://secure.gravatar.com/avatar/7ad39074b0584bc555d0417ae3e7d974?d=https://a248.e.akamai.net/assets.github.com%2Fimages%2Fgravatars%2Fgravatar-user-420.png",
            "gravatar_id": "7ad39074b0584bc555d0417ae3e7d974",
            "url": "https://api.github.com/users/octocat",
            "html_url": "https://github.com/octocat",
            "followers_url": "https://api.github.com/users/octocat/followers",
            "following_url": "https://api.github.com/users/octocat/following{/other_user}",
            "gists_url": "https://api.github.com/users/octocat/gists{/gist_id}",
            "starred_url": "https://api.github.com/users/octocat/starred{/owner}{/repo}",
            "subscriptions_url": "https://api.github.com/users/octocat/subscriptions",
            "organizations_url": "https://api.github.com/users/octocat/orgs",
            "repos_url": "https://api.github.com/users/octocat/repos",
            "events_url": "https://api.github.com/users/octocat/events{/privacy}",
            "received_events_url": "https://api.github.com/users/octocat/received_events",
            "type": "User"
        },
        "private": false,
        "html_url": "https://github.com/octocat/Hello-World",
        "description": "This your first repo!",
        "fork": false,
        "url": "https://api.github.com/repos/octocat/Hello-World",
        "forks_url": "https://api.github.com/repos/octocat/Hello-World/forks",
        "keys_url": "https://api.github.com/repos/octocat/Hello-World/keys{/key_id}",
        "collaborators_url": "https://api.github.com/repos/octocat/Hello-World/collaborators{/collaborator}",
        "teams_url": "https://api.github.com/repos/octocat/Hello-World/teams",
        "hooks_url": "https://api.github.com/repos/octocat/Hello-World/hooks",
        "issue_events_url": "https://api.github.com/repos/octocat/Hello-World/issues/events{/number}",
        "events_url": "https://api.github.com/repos/octocat/Hello-World/events",
        "assignees_url": "https://api.github.com/repos/octocat/Hello-World/assignees{/user}",
        "branches_url": "https://api.github.com/repos/octocat/Hello-World/branches{/branch}",
        "tags_url": "https://api.github.com/repos/octocat/Hello-World/tags",
        "blobs_url": "https://api.github.com/repos/octocat/Hello-World/git/blobs{/sha}",
        "git_tags_url": "https://api.github.com/repos/octocat/Hello-World/git/tags{/sha}",
        "git_refs_url": "https://api.github.com/repos/octocat/Hello-World/git/refs{/sha}",
        "trees_url": "https://api.github.com/repos/octocat/Hello-World/git/trees{/sha}",
        "statuses_url": "https://api.github.com/repos/octocat/Hello-World/statuses/{sha}",
        "languages_url": "https://api.github.com/repos/octocat/Hello-World/languages",
        "stargazers_url": "https://api.github.com/repos/octocat/Hello-World/stargazers",
        "contributors_url": "https://api.github.com/repos/octocat/Hello-World/contributors",
        "subscribers_url": "https://api.github.com/repos/octocat/Hello-World/subscribers",
        "subscription_url": "https://api.github.com/repos/octocat/Hello-World/subscription",
        "commits_url": "https://api.github.com/repos/octocat/Hello-World/commits{/sha}",
        "git_commits_url": "https://api.github.com/repos/octocat/Hello-World/git/commits{/sha}",
        "comments_url": "https://api.github.com/repos/octocat/Hello-World/comments{/number}",
        "issue_comment_url": "https://api.github.com/repos/octocat/Hello-World/issues/comments/{number}",
        "contents_url": "https://api.github.com/repos/octocat/Hello-World/contents/{+path}",
        "compare_url": "https://api.github.com/repos/octocat/Hello-World/compare/{base}...{head}",
        "merges_url": "https://api.github.com/repos/octocat/Hello-World/merges",
        "archive_url": "https://api.github.com/repos/octocat/Hello-World/{archive_format}{/ref}",
        "downloads_url": "https://api.github.com/repos/octocat/Hello-World/downloads",
        "issues_url": "https://api.github.com/repos/octocat/Hello-World/issues{/number}",
        "pulls_url": "https://api.github.com/repos/octocat/Hello-World/pulls{/number}",
        "milestones_url": "https://api.github.com/repos/octocat/Hello-World/milestones{/number}",
        "notifications_url": "https://api.github.com/repos/octocat/Hello-World/notifications{?since,all,participating}",
        "labels_url": "https://api.github.com/repos/octocat/Hello-World/labels{/name}",
        "created_at": "2011-01-26T19:01:12Z",
        "updated_at": "2013-07-16T06:03:04Z",
        "pushed_at": "2012-03-06T23:06:51Z",
        "git_url": "git://github.com/octocat/Hello-World.git",
        "ssh_url": "git@github.com:octocat/Hello-World.git",
        "clone_url": "https://github.com/octocat/Hello-World.git",
        "svn_url": "https://github.com/octocat/Hello-World",
        "homepage": "",
        "size": 140,
        "watchers_count": 1335,
        "language": null,
        "has_issues": true,
        "has_downloads": true,
        "has_wiki": true,
        "forks_count": 626,
        "mirror_url": null,
        "open_issues_count": 66,
        "forks": 626,
        "open_issues": 66,
        "watchers": 1335,
        "master_branch": "master",
        "default_branch": "master"
    }
]
